GeneID,BL2hr_vs_BRZ
AT4G19520,BES1_Target_BL_up
AT4G08620,BES1_Target_BL_up
AT2G37700,BES1_Target_BL_up
AT1G10550,BES1_Target_BL_up
AT4G04745,BES1_Target_BL_up
AT4G23870,BES1_Target_BL_up
AT1G13110,BES1_Target_BL_up
AT2G47550,BES1_Target_BL_up
AT4G21850,BES1_Target_BL_up
AT1G80280,BES1_Target_BL_up
AT5G19190,BES1_Target_BL_up
AT5G14920,BES1_Target_BL_up
AT5G40890,BES1_Target_BL_up
AT1G49030,BES1_Target_BL_up
AT2G19800,BES1_Target_BL_up
AT2G41810,BES1_Target_BL_up
AT4G34800,BES1_Target_BL_up
AT4G37235,BES1_Target_BL_up
AT3G14370,BES1_Target_BL_up
AT1G78260,BES1_Target_BL_up
AT4G08950,BES1_Target_BL_up
AT1G30690,BES1_Target_BL_up
AT1G11260,BES1_Target_BL_up
AT2G01670,BES1_Target_BL_up
AT3G58850,BES1_Target_BL_up
AT4G31920,BES1_Target_BL_up
AT3G61430,BES1_Target_BL_up
AT3G06070,BES1_Target_BL_up
AT4G34810,BES1_Target_BL_up
AT5G20250,BES1_Target_BL_up
AT1G02360,BES1_Target_BL_up
AT2G45180,BES1_Target_BL_up
AT3G05936,BES1_Target_BL_up
AT1G22530,BES1_Target_BL_up
AT2G28200,BES1_Target_BL_up
AT5G23870,BES1_Target_BL_up
AT2G21880,BES1_Target_BL_up
AT4G36880,BES1_Target_BL_up
AT5G10430,BES1_Target_BL_up
AT1G69930,BES1_Target_BL_up
AT1G29270,BES1_Target_BL_up
AT3G17580,BES1_Target_BL_up
AT1G09950,BES1_Target_BL_up
AT2G39180,BES1_Target_BL_up
AT5G49800,BES1_Target_BL_up
AT3G15540,BES1_Target_BL_up
AT5G40450,BES1_Target_BL_up
AT5G20150,BES1_Target_BL_up
AT5G23860,BES1_Target_BL_up
AT3G05800,BES1_Target_BL_up
AT3G19930,BES1_Target_BL_up
AT4G38860,BES1_Target_BL_up
AT3G12830,BES1_Target_BL_up
AT5G44020,BES1_Target_BL_up
AT4G15920,BES1_Target_BL_up
AT2G39200,BES1_Target_BL_up
AT5G65390,BES1_Target_BL_up
AT1G78860,BES1_Target_BL_up
AT5G67190,BES1_Target_BL_up
AT1G03870,BES1_Target_BL_up
AT4G25260,BES1_Target_BL_up
AT5G65800,BES1_Target_BL_up
AT1G76090,BES1_Target_BL_up
AT3G30775,BES1_Target_BL_up
AT4G16380,BES1_Target_BL_up
AT3G50350,BES1_Target_BL_up
AT1G22330,BES1_Target_BL_up
AT2G38310,BES1_Target_BL_up
AT5G55910,BES1_Target_BL_up
AT2G17300,BES1_Target_BL_up
AT1G71880,BES1_Target_BL_up
AT2G02810,BES1_Target_BL_up
AT2G39010,BES1_Target_BL_up
AT2G20670,BES1_Target_BL_up
AT1G54120,BES1_Target_BL_up
AT1G05700,BES1_Target_BL_up
AT5G67390,BES1_Target_BL_up
AT2G30930,BES1_Target_BL_up
AT1G27210,BES1_Target_BL_up
AT5G03520,BES1_Target_BL_up
AT3G46280,BES1_Target_BL_up
AT2G36410,BES1_Target_BL_up
AT3G27170,BES1_Target_BL_up
AT4G28720,BES1_Target_BL_up
AT5G49360,BES1_Target_BL_up
AT3G43430,BES1_Target_BL_up
AT1G72150,BES1_Target_BL_up
AT4G22010,BES1_Target_BL_up
AT5G09430,BES1_Target_BL_up
AT3G26830,BES1_Target_BL_up
AT5G05440,BES1_Target_BL_up
AT5G64850,BES1_Target_BL_up
AT5G61590,BES1_Target_BL_up
AT2G38120,BES1_Target_BL_up
AT2G43820,BES1_Target_BL_up
AT3G27390,BES1_Target_BL_up
AT2G17680,BES1_Target_BL_up
AT1G32090,BES1_Target_BL_up
AT2G27660,BES1_Target_BL_up
AT4G22590,BES1_Target_BL_up
AT3G18830,BES1_Target_BL_up
AT1G22640,BES1_Target_BL_up
AT5G57685,BES1_Target_BL_up
AT3G05150,BES1_Target_BL_up
AT2G14900,BES1_Target_BL_up
AT2G40970,BES1_Target_BL_up
AT1G72430,BES1_Target_BL_up
AT2G26710,BES1_Target_BL_up
AT1G56630,BES1_Target_BL_up
AT5G65660,BES1_Target_BL_up
AT5G15600,BES1_Target_BL_up
AT3G12610,BES1_Target_BL_up
AT1G25450,BES1_Target_BL_up
AT4G10380,BES1_Target_BL_up
AT3G12560,BES1_Target_BL_up
AT2G30520,BES1_Target_BL_up
AT4G35100,BES1_Target_BL_up
AT3G61820,BES1_Target_BL_up
AT1G52750,BES1_Target_BL_up
AT4G16660,BES1_Target_BL_up
AT3G16690,BES1_Target_BL_up
AT1G74940,BES1_Target_BL_up
AT4G36920,BES1_Target_BL_up
AT1G04360,BES1_Target_BL_up
AT5G60760,BES1_Target_BL_up
AT4G02170,BES1_Target_BL_up
AT1G25230,BES1_Target_BL_up
AT5G52882,BES1_Target_BL_up
AT3G54400,BES1_Target_BL_up
AT4G12420,BES1_Target_BL_up
AT5G41080,BES1_Target_BL_up
AT2G38400,BES1_Target_BL_up
AT3G58620,BES1_Target_BL_up
AT1G25400,BES1_Target_BL_up
AT4G37450,BES1_Target_BL_up
AT1G61740,BES1_Target_BL_up
AT1G12500,BES1_Target_BL_up
AT4G31800,BES1_Target_BL_up
AT5G22740,BES1_Target_BL_up
AT5G55960,BES1_Target_BL_up
AT1G28130,BES1_Target_BL_up
AT4G19120,BES1_Target_BL_up
AT4G17870,BES1_Target_BL_up
AT1G22910,BES1_Target_BL_up
AT3G29370,BES1_Target_BL_up
AT4G36500,BES1_Target_BL_up
AT2G19580,BES1_Target_BL_up
AT3G28180,BES1_Target_BL_up
AT4G30190,BES1_Target_BL_up
AT2G01300,BES1_Target_BL_up
AT4G33960,BES1_Target_BL_up
AT1G70710,BES1_Target_BL_up
AT1G74660,BES1_Target_BL_up
AT5G63800,BES1_Target_BL_up
AT4G18700,BES1_Target_BL_up
AT4G14560,BES1_Target_BL_up
AT3G55740,BES1_Target_BL_up
AT2G20562,BES1_Target_BL_up
AT2G14890,BES1_Target_BL_up
AT5G11000,BES1_Target_BL_up
AT3G07000,BES1_Target_BL_up
AT2G26440,BES1_Target_BL_up
AT3G54920,BES1_Target_BL_up
AT5G23280,BES1_Target_BL_up
AT2G44740,BES1_Target_BL_up
AT1G08650,BES1_Target_BL_up
AT5G02260,BES1_Target_BL_up
AT5G12940,BES1_Target_BL_up
AT1G04680,BES1_Target_BL_up
AT5G43700,BES1_Target_BL_up
AT3G54030,BES1_Target_BL_up
AT1G10200,BES1_Target_BL_up
AT2G43340,BES1_Target_BL_up
AT2G46410,BES1_Target_BL_up
AT1G69780,BES1_Target_BL_up
AT3G05640,BES1_Target_BL_up
AT2G15390,BES1_Target_BL_up
AT4G22780,BES1_Target_BL_up
AT3G49630,BES1_Target_BL_up
AT3G07460,BES1_Target_BL_up
AT1G66150,BES1_Target_BL_up
AT4G01410,BES1_Target_BL_up
AT5G28770,BES1_Target_BL_up
AT1G76580,BES1_Target_BL_up
AT2G41110,BES1_Target_BL_up
AT2G29650,BES1_Target_BL_up
AT1G76600,BES1_Target_BL_up
AT3G56880,BES1_Target_BL_up
AT5G22090,BES1_Target_BL_up
AT1G08590,BES1_Target_BL_up
AT5G09870,BES1_Target_BL_up
AT3G07010,BES1_Target_BL_up
AT5G24230,BES1_Target_BL_up
AT4G23270,BES1_Target_BL_up
AT1G05300,BES1_Target_BL_up
AT4G17670,BES1_Target_BL_up
AT3G16180,BES1_Target_BL_up
AT4G25350,BES1_Target_BL_up
AT5G54380,BES1_Target_BL_up
AT1G32170,BES1_Target_BL_up
AT3G62570,BES1_Target_BL_up
AT2G23170,BES1_Target_BL_up
AT3G12710,BES1_Target_BL_up
AT3G49940,BES1_Target_BL_up
AT3G28910,BES1_Target_BL_up
AT1G75540,BES1_Target_BL_up
AT5G18670,BES1_Target_BL_up
AT1G21900,BES1_Target_BL_up
AT1G64670,BES1_Target_BL_up
AT1G76230,BES1_Target_BL_up
AT3G23750,BES1_Target_BL_up
AT3G23820,BES1_Target_BL_up
AT1G21360,BES1_Target_BL_up
AT5G54020,BES1_Target_BL_up
AT3G43800,BES1_Target_BL_up
AT4G20170,BES1_Target_BL_up
AT3G05165,BES1_Target_BL_up
AT5G06700,BES1_Target_BL_up
AT1G15550,BES1_Target_BL_up
AT4G17900,BES1_Target_BL_up
AT5G09440,BES1_Target_BL_up
AT2G42870,BES1_Target_BL_up
AT4G21960,BES1_Target_BL_up
AT3G10720,BES1_Target_BL_up
AT2G45070,BES1_Target_BL_up
AT4G13340,BES1_Target_BL_up
AT4G35500,BES1_Target_BL_up
AT1G76160,BES1_Target_BL_up
AT5G65270,BES1_Target_BL_up
AT1G50460,BES1_Target_BL_up
AT1G12240,BES1_Target_BL_up
AT2G34770,BES1_Target_BL_up
AT1G28440,BES1_Target_BL_up
AT5G06570,BES1_Target_BL_up
AT1G14290,BES1_Target_BL_up
AT4G12730,BES1_Target_BL_up
AT3G06750,BES1_Target_BL_up
AT1G11740,BES1_Target_BL_up
AT4G39410,BES1_Target_BL_up
AT3G04730,BES1_Target_BL_up
AT3G14310,BES1_Target_BL_up
AT4G24230,BES1_Target_BL_up
AT5G05600,BES1_Target_BL_up
AT5G48560,BES1_Target_BL_up
AT4G19160,BES1_Target_BL_up
AT2G43810,BES1_Target_BL_up
AT5G15150,BES1_Target_BL_up
AT1G29290,BES1_Target_BL_up
AT5G63650,BES1_Target_BL_up
AT3G56000,BES1_Target_BL_up
AT5G47220,BES1_Target_BL_up
AT3G28200,BES1_Target_BL_up
AT2G04500,BES1_Target_BL_up
AT1G20090,BES1_Target_BL_up
AT5G44130,BES1_Target_BL_up
AT3G13320,BES1_Target_BL_up
AT3G05890,BES1_Target_BL_up
AT3G44735,BES1_Target_BL_up
AT3G02570,BES1_Target_BL_up
AT4G26690,BES1_Target_BL_up
AT2G20835,BES1_Target_BL_up
AT5G41790,BES1_Target_BL_up
AT1G15210,BES1_Target_BL_up
AT5G06930,BES1_Target_BL_up
AT4G23730,BES1_Target_BL_up
AT4G03210,BES1_Target_BL_up
AT1G70370,BES1_Target_BL_up
AT1G68840,BES1_Target_BL_up
AT1G75710,BES1_Target_BL_up
AT1G78230,BES1_Target_BL_up
AT2G39870,BES1_Target_BL_up
AT1G57990,BES1_Target_BL_up
AT1G72300,BES1_Target_BL_up
AT1G65840,BES1_Target_BL_up
AT2G37940,BES1_Target_BL_up
AT2G32430,BES1_Target_BL_up
AT2G42960,BES1_Target_BL_up
AT2G47440,BES1_Target_BL_up
AT5G66690,BES1_Target_BL_up
AT5G54145,BES1_Target_BL_up
AT2G38480,BES1_Target_BL_up
AT4G30500,BES1_Target_BL_up
AT3G25730,BES1_Target_BL_up
AT1G64650,BES1_Target_BL_up
AT5G20050,BES1_Target_BL_up
AT1G02640,BES1_Target_BL_up
AT4G21860,BES1_Target_BL_up
AT1G20840,BES1_Target_BL_up
AT5G10170,BES1_Target_BL_up
AT4G11280,BES1_Target_BL_up
AT4G21390,BES1_Target_BL_up
AT3G02750,BES1_Target_BL_up
AT3G14840,BES1_Target_BL_up
AT4G39390,BES1_Target_BL_up
AT1G29060,BES1_Target_BL_up
AT1G01600,BES1_Target_BL_up
AT2G16660,BES1_Target_BL_up
AT3G56050,BES1_Target_BL_up
AT1G19840,BES1_Target_BL_up
AT4G03190,BES1_Target_BL_up
AT3G54770,BES1_Target_BL_up
AT4G35320,BES1_Target_BL_up
AT1G14280,BES1_Target_BL_up
AT5G03040,BES1_Target_BL_up
AT2G37678,BES1_Target_BL_up
AT2G45160,BES1_Target_BL_up
AT1G64700,BES1_Target_BL_up
AT5G56040,BES1_Target_BL_up
AT3G02170,BES1_Target_BL_up
AT1G10140,BES1_Target_BL_up
AT1G20010,BES1_Target_BL_up
AT2G29550,BES1_Target_BL_up
AT3G60640,BES1_Target_BL_up
AT5G57740,BES1_Target_BL_up
AT5G24910,BES1_Target_BL_up
AT1G08930,BES1_Target_BL_up
AT1G01620,BES1_Target_BL_up
AT3G58120,BES1_Target_BL_up
AT4G27654,BES1_Target_BL_up
AT4G30440,BES1_Target_BL_up
AT2G40470,BES1_Target_BL_up
AT2G30990,BES1_Target_BL_up
AT2G21520,BES1_Target_BL_up
AT5G58750,BES1_Target_BL_up
AT2G23690,BES1_Target_BL_up
AT5G61570,BES1_Target_BL_up
AT3G49350,BES1_Target_BL_up
AT3G06890,BES1_Target_BL_up
AT5G17980,BES1_Target_BL_up
AT4G36040,BES1_Target_BL_up
AT5G07590,BES1_Target_BL_up
AT4G23550,BES1_Target_BL_up
AT3G56800,BES1_Target_BL_up
AT1G11540,BES1_Target_BL_up
AT4G18380,BES1_Target_BL_up
AT2G43290,BES1_Target_BL_up
AT1G23060,BES1_Target_BL_up
AT1G48480,BES1_Target_BL_up
AT5G06390,BES1_Target_BL_up
AT1G05000,BES1_Target_BL_up
AT5G05590,BES1_Target_BL_up
AT3G52460,BES1_Target_BL_up
AT5G15580,BES1_Target_BL_up
AT5G35525,BES1_Target_BL_up
AT1G19835,BES1_Target_BL_up
AT1G69030,BES1_Target_BL_up
AT1G72510,BES1_Target_BL_up
AT3G13750,BES1_Target_BL_up
AT1G72690,BES1_Target_BL_up
AT5G67470,BES1_Target_BL_up
AT2G39130,BES1_Target_BL_up
AT3G47220,BES1_Target_BL_up
AT1G25550,BES1_Target_BL_up
AT3G17430,BES1_Target_BL_up
AT4G14750,BES1_Target_BL_up
AT1G22570,BES1_Target_BL_up
AT1G14730,BES1_Target_BL_up
AT2G36310,BES1_Target_BL_up
AT1G76100,BES1_Target_BL_up
AT2G25210,BES1_Target_BL_up
AT1G56145,BES1_Target_BL_up
AT4G02540,BES1_Target_BL_up
AT2G46160,BES1_Target_BL_up
AT1G36060,BES1_Target_BL_up
AT2G38090,BES1_Target_BL_up
AT2G35710,BES1_Target_BL_up
AT1G33240,BES1_Target_BL_up
AT1G77990,BES1_Target_BL_up
AT1G12580,BES1_Target_BL_up
AT5G45280,BES1_Target_BL_up
AT3G16370,BES1_Target_BL_up
AT3G58190,BES1_Target_BL_up
AT1G58110,BES1_Target_BL_up
AT5G43175,BES1_Target_BL_up
AT3G20640,BES1_Target_BL_up
AT4G27740,BES1_Target_BL_up
AT2G35880,BES1_Target_BL_up
AT1G31350,BES1_Target_BL_up
AT5G59350,BES1_Target_BL_up
AT3G02460,BES1_Target_BL_up
AT1G63430,BES1_Target_BL_up
AT5G15350,BES1_Target_BL_up
AT5G13180,BES1_Target_BL_up
AT5G23430,BES1_Target_BL_up
AT2G36320,BES1_Target_BL_up
AT2G22125,BES1_Target_BL_up
AT4G03110,BES1_Target_BL_up
AT3G60540,BES1_Target_BL_up
AT2G39460,BES1_Target_BL_up
AT2G45830,BES1_Target_BL_up
AT1G06850,BES1_Target_BL_up
AT2G47070,BES1_Target_BL_up
AT4G35920,BES1_Target_BL_up
AT3G60320,BES1_Target_BL_up
AT1G08500,BES1_Target_BL_up
AT3G15820,BES1_Target_BL_up
AT1G70940,BES1_Target_BL_up
AT2G46780,BES1_Target_BL_up
AT5G52900,BES1_Target_BL_up
AT1G20823,BES1_Target_BL_up
AT4G30400,BES1_Target_BL_up
AT5G11740,BES1_Target_BL_up
AT4G02130,BES1_Target_BL_up
AT1G11700,BES1_Target_BL_up
AT2G44940,BES1_Target_BL_up
AT4G35930,BES1_Target_BL_up
AT5G25810,BES1_Target_BL_up
AT3G18000,BES1_Target_BL_up
AT4G35470,BES1_Target_BL_up
AT1G21830,BES1_Target_BL_up
AT3G47820,BES1_Target_BL_up
AT3G49820,BES1_Target_BL_up
AT1G71970,BES1_Target_BL_up
AT3G47210,BES1_Target_BL_up
AT4G18670,BES1_Target_BL_up
AT1G78300,BES1_Target_BL_up
AT3G11700,BES1_Target_BL_up
AT2G02180,BES1_Target_BL_up
AT2G36830,BES1_Target_BL_up
AT1G05870,BES1_Target_BL_up
AT3G57420,BES1_Target_BL_up
AT5G59910,BES1_Target_BL_up
AT2G41640,BES1_Target_BL_up
AT1G24120,BES1_Target_BL_up
AT1G01540,BES1_Target_BL_up
AT5G42100,BES1_Target_BL_up
AT5G19340,BES1_Target_BL_up
AT3G06060,BES1_Target_BL_up
AT2G20840,BES1_Target_BL_up
AT2G18160,BES1_Target_BL_up
AT5G64740,BES1_Target_BL_up
AT5G11640,BES1_Target_BL_up
AT1G30680,BES1_Target_BL_up
AT1G12710,BES1_Target_BL_up
AT2G46330,BES1_Target_BL_up
AT1G69295,BES1_Target_BL_up
AT3G16850,BES1_Target_BL_up
AT5G06710,BES1_Target_BL_up
AT2G19880,BES1_Target_BL_up
AT1G27200,BES1_Target_BL_up
AT4G15802,BES1_Target_BL_up
AT2G28510,BES1_Target_BL_up
AT1G50430,BES1_Target_BL_up
AT5G16360,BES1_Target_BL_up
AT5G03050,BES1_Target_BL_up
AT4G35600,BES1_Target_BL_up
AT3G53600,BES1_Target_BL_up
AT1G05420,BES1_Target_BL_up
AT3G21700,BES1_Target_BL_up
AT4G25360,BES1_Target_BL_up
AT3G13790,BES1_Target_BL_up
AT4G15500,BES1_Target_BL_up
AT5G42110,BES1_Target_BL_up
AT1G19870,BES1_Target_BL_up
AT5G04770,BES1_Target_BL_up
AT5G66680,BES1_Target_BL_up
AT1G77850,BES1_Target_BL_up
AT4G23740,BES1_Target_BL_up
AT1G14690,BES1_Target_BL_up
AT5G66600,BES1_Target_BL_up
AT2G17290,BES1_Target_BL_up
AT5G13820,BES1_Target_BL_up
AT4G35335,BES1_Target_BL_up
AT1G21070,BES1_Target_BL_up
AT1G07410,BES1_Target_BL_up
AT2G39360,BES1_Target_BL_up
AT1G68670,BES1_Target_BL_up
AT4G28730,BES1_Target_BL_up
AT1G61100,BES1_Target_BL_up
AT3G05840,BES1_Target_BL_up
AT5G04480,BES1_Target_BL_up
AT5G11970,BES1_Target_BL_up
AT3G53380,BES1_Target_BL_up
AT2G32580,BES1_Target_BL_up
AT3G15350,BES1_Target_BL_up
AT2G28550,BES1_Target_BL_up
AT1G64380,BES1_Target_BL_up
AT5G18860,BES1_Target_BL_up
AT5G12010,BES1_Target_BL_up
AT1G33230,BES1_Target_BL_up
AT3G52450,BES1_Target_BL_up
AT5G50335,BES1_Target_BL_up
AT2G18730,BES1_Target_BL_up
AT1G13260,BES1_Target_BL_up
AT2G26730,BES1_Target_BL_up
AT1G10480,BES1_Target_BL_up
AT1G70530,BES1_Target_BL_up
AT1G49500,BES1_Target_BL_up
AT1G63000,BES1_Target_BL_up
AT1G62300,BES1_Target_BL_up
AT3G54000,BES1_Target_BL_up
AT4G27730,BES1_Target_BL_up
AT2G18960,BES1_Target_BL_up
AT2G20780,BES1_Target_BL_up
AT4G30410,BES1_Target_BL_up
AT4G14980,BES1_Target_BL_up
AT5G52280,BES1_Target_BL_up
AT5G20045,BES1_Target_BL_up
AT5G05180,BES1_Target_BL_up
AT2G43330,BES1_Target_BL_up
AT1G24170,BES1_Target_BL_up
AT5G03720,BES1_Target_BL_up
AT1G16360,BES1_Target_BL_up
AT4G09890,BES1_Target_BL_up
AT2G45670,BES1_Target_BL_up
AT5G60300,BES1_Target_BL_up
AT4G23810,BES1_Target_BL_up
AT1G53830,BES1_Target_BL_up
AT5G05860,BES1_Target_BL_up
AT4G15800,BES1_Target_BL_up
AT2G36380,BES1_Target_BL_up
AT2G47540,BES1_Target_BL_up
AT1G20190,BES1_Target_BL_up
AT5G66820,BES1_Target_BL_up
AT2G19660,BES1_Target_BL_up
AT5G41260,BES1_Target_BL_up
AT4G22810,BES1_Target_BL_up
AT3G15810,BES1_Target_BL_up
AT5G03320,BES1_Target_BL_up
AT5G22940,BES1_Target_BL_up
AT1G69840,BES1_Target_BL_up
AT5G60200,BES1_Target_BL_up
AT5G14930,BES1_Target_BL_up
AT3G05910,BES1_Target_BL_up
AT4G00400,BES1_Target_BL_up
AT3G28860,BES1_Target_BL_up
AT3G52500,BES1_Target_BL_up
AT5G11930,BES1_Target_BL_up
AT2G42880,BES1_Target_BL_up
AT2G21590,BES1_Target_BL_up
AT1G23030,BES1_Target_BL_up
AT1G16510,BES1_Target_BL_up
AT2G25490,BES1_Target_BL_up
AT4G11300,BES1_Target_BL_up
AT1G08510,BES1_Target_BL_up
AT1G14890,BES1_Target_BL_up
AT3G20340,BES1_Target_BL_up
AT1G51950,BES1_Target_BL_up
AT4G36730,BES1_Target_BL_up
AT3G17120,BES1_Target_BL_up
AT1G69690,BES1_Target_BL_up
AT5G01800,BES1_Target_BL_up
AT5G04470,BES1_Target_BL_up
AT5G60670,BES1_Target_BL_up
AT5G53880,BES1_Target_BL_up
AT3G19030,BES1_Target_BL_up
AT5G58620,BES1_Target_BL_up
AT5G15220,BES1_Target_BL_up
AT3G02760,BES1_Target_BL_up
AT1G27930,BES1_Target_BL_up
AT2G36950,BES1_Target_BL_up
AT3G50340,BES1_Target_BL_up
AT5G08790,BES1_Target_BL_up
AT3G11370,BES1_Target_BL_up
AT3G17860,BES1_Target_BL_up
AT4G31910,BES1_Target_BL_up
AT3G19680,BES1_Target_BL_up
AT5G44260,BES1_Target_BL_up
AT5G46910,BES1_Target_BL_up
AT1G70950,BES1_Target_BL_up
AT3G62150,BES1_Target_BL_up
AT5G02580,BES1_Target_BL_up
AT4G25280,BES1_Target_BL_up
AT5G54750,BES1_Target_BL_up
AT1G70900,BES1_Target_BL_up
AT5G53280,BES1_Target_BL_up
AT3G57120,BES1_Target_BL_up
AT4G33440,BES1_Target_BL_up
AT1G76878,BES1_Target_BL_up
AT4G27270,BES1_Target_BL_up
AT3G58130,BES1_Target_BL_up
AT2G44120,BES1_Target_BL_up
AT2G04680,BES1_Target_BL_up
AT1G27740,BES1_Target_BL_up
AT5G58560,BES1_Target_BL_up
AT5G64340,BES1_Target_BL_up
AT1G33590,BES1_Target_BL_up
AT3G26500,BES1_Target_BL_up
AT3G23690,BES1_Target_BL_up
AT1G25425,BES1_Target_BL_up
AT3G57550,BES1_Target_BL_up
AT1G72160,BES1_Target_BL_up
AT5G55920,BES1_Target_BL_up
AT3G52470,BES1_Target_BL_up
AT4G38470,BES1_Target_BL_up
AT1G28360,BES1_Target_BL_up
AT5G13240,BES1_Target_BL_up
AT2G45960,BES1_Target_BL_up
AT1G19220,BES1_Target_BL_up
AT3G02580,BES1_Target_BL_up
AT4G20870,BES1_Target_BL_up
AT1G22830,BES1_Target_BL_up
AT1G05530,BES1_Target_BL_up
AT1G15660,BES1_Target_BL_up
AT2G47485,BES1_Target_BL_up
AT3G50530,BES1_Target_BL_up
AT5G22930,BES1_Target_BL_up
AT2G29125,BES1_Target_BL_up
AT5G67480,BES1_Target_BL_up
AT1G07240,BES1_Target_BL_up
AT1G55360,BES1_Target_BL_up
AT5G19200,BES1_Target_BL_up
AT5G16110,BES1_Target_BL_up
AT2G24300,BES1_Target_BL_up
AT2G24765,BES1_Target_BL_up
AT5G65650,BES1_Target_BL_up
AT3G49360,BES1_Target_BL_up
AT4G37540,BES1_Target_BL_up
AT5G03890,BES1_Target_BL_up
AT4G22190,BES1_Target_BL_up
AT2G27050,BES1_Target_BL_up
AT5G15330,BES1_Target_BL_up
AT1G30190,BES1_Target_BL_up
AT5G23360,BES1_Target_BL_up
AT3G24550,BES1_Target_BL_up
AT3G52290,BES1_Target_BL_up
AT1G32700,BES1_Target_BL_up
AT1G05805,BES1_Target_BL_up
AT5G25100,BES1_Target_BL_up
AT2G32140,BES1_Target_BL_up
AT5G14110,BES1_Target_BL_up
AT4G32150,BES1_Target_BL_up
AT5G58650,BES1_Target_BL_up
AT4G11050,BES1_Target_BL_up
AT1G23020,BES1_Target_BL_up
AT4G32480,BES1_Target_BL_up
AT2G28130,BES1_Target_BL_up
AT5G67070,BES1_Target_BL_up
AT2G27770,BES1_Target_BL_up
AT1G14780,BES1_Target_BL_up
AT4G37080,BES1_Target_BL_up
AT2G47000,BES1_Target_BL_up
AT5G05450,BES1_Target_BL_up
AT5G60690,BES1_Target_BL_up
AT1G19110,BES1_Target_BL_up
AT4G00740,BES1_Target_BL_up
AT5G01810,BES1_Target_BL_up
AT5G20260,BES1_Target_BL_up
AT1G27120,BES1_Target_BL_up
AT3G13310,BES1_Target_BL_up
AT2G19670,BES1_Target_BL_up
AT1G78850,BES1_Target_BL_up
AT1G14685,BES1_Target_BL_up
AT1G29640,BES1_Target_BL_up
AT5G67420,BES1_Target_BL_up
AT5G24030,BES1_Target_BL_up
AT5G50950,BES1_Target_BL_up
AT2G32960,BES1_Target_BL_up
AT3G55960,BES1_Target_BL_up
AT3G11150,BES1_Target_BL_up
AT5G45590,BES1_Target_BL_up
AT5G23940,BES1_Target_BL_up
AT5G62670,BES1_Target_BL_up
AT5G22950,BES1_Target_BL_up
AT1G78460,BES1_Target_BL_up
AT3G10980,BES1_Target_BL_up
AT2G42320,BES1_Target_BL_up
AT1G60010,BES1_Target_BL_up
AT5G21280,BES1_Target_BL_up
AT1G01610,BES1_Target_BL_up
AT5G61440,BES1_Target_BL_up
AT2G05790,BES1_Target_BL_up
AT1G15800,BES1_Target_BL_up
AT5G08335,BES1_Target_BL_up
AT3G44260,BES1_Target_BL_up
AT2G42580,BES1_Target_BL_up
AT1G80830,BES1_Target_BL_up
AT1G21510,BES1_Target_BL_up
AT5G17890,BES1_Target_BL_up
AT5G10440,BES1_Target_BL_up
AT2G44450,BES1_Target_BL_up
AT5G13100,BES1_Target_BL_up
AT3G08600,BES1_Target_BL_up
AT1G29280,BES1_Target_BL_up
AT3G18690,BES1_Target_BL_up
AT3G56810,BES1_Target_BL_up
AT1G56590,BES1_Target_BL_up
AT5G51060,BES1_Target_BL_up
AT2G01570,BES1_Target_BL_up
AT3G12280,BES1_Target_BL_up
AT4G23820,BES1_Target_BL_up
AT2G25430,BES1_Target_BL_up
AT2G45200,BES1_Target_BL_up
AT1G13250,BES1_Target_BL_up
AT2G31010,BES1_Target_BL_up
AT2G34590,BES1_Target_BL_up
AT1G76180,BES1_Target_BL_up
AT4G01720,BES1_Target_BL_up
AT1G62870,BES1_Target_BL_up
AT3G04910,BES1_Target_BL_up
AT2G34070,BES1_Target_BL_up
AT3G52360,BES1_Target_BL_up
AT5G54850,BES1_Target_BL_up
AT3G53480,BES1_Target_BL_up
AT3G17640,BES1_Target_BL_up
AT1G11450,BES1_Target_BL_up
AT5G56860,BES1_Target_BL_up
AT5G54030,BES1_Target_BL_up
AT5G63120,BES1_Target_BL_up
AT5G66730,BES1_Target_BL_up
AT2G45720,BES1_Target_BL_up
AT4G00710,BES1_Target_BL_up
AT2G34710,BES1_Target_BL_up
AT3G11130,BES1_Target_BL_up
AT3G62390,BES1_Target_BL_up
AT1G78030,BES1_Target_BL_up
AT5G58530,BES1_Target_BL_up
AT2G01940,BES1_Target_BL_up
AT1G28280,BES1_Target_BL_up
AT1G65295,BES1_Target_BL_up
AT4G16745,BES1_Target_BL_up
AT3G11590,BES1_Target_BL_up
AT4G29780,BES1_Target_BL_up
AT5G14230,BES1_Target_BL_up
AT3G63380,BES1_Target_BL_up
AT4G37470,BES1_Target_BL_up
AT4G13400,BES1_Target_BL_up
AT1G30820,BES1_Target_BL_up
AT1G77640,BES1_Target_BL_up
AT4G30430,BES1_Target_BL_up
AT5G16190,BES1_Target_BL_up
AT1G03840,BES1_Target_BL_up
AT3G25700,BES1_Target_BL_up
AT3G54810,BES1_Target_BL_up
AT3G14205,BES1_Target_BL_up
AT5G10290,BES1_Target_BL_up
AT3G52910,BES1_Target_BL_up
AT2G45660,BES1_Target_BL_up
AT1G12850,BES1_Target_BL_up
AT3G08680,BES1_Target_BL_up
AT1G68920,BES1_Target_BL_up
AT5G19140,BES1_Target_BL_up
AT2G42440,BES1_Target_BL_up
AT1G19190,BES1_Target_BL_up
AT1G01580,BES1_Target_BL_up
AT3G26810,BES1_Target_BL_up
AT1G22180,BES1_Target_BL_up
AT3G08670,BES1_Target_BL_up
AT4G21400,BES1_Target_BL_up
AT3G12680,BES1_Target_BL_up
AT2G30230,BES1_Target_BL_up
AT2G48030,BES1_Target_BL_up
AT1G29980,BES1_Target_BL_up
AT2G46710,BES1_Target_BL_up
AT5G07440,BES1_Target_BL_up
AT1G68490,BES1_Target_BL_up
AT2G42380,BES1_Target_BL_up
AT2G42570,BES1_Target_BL_up
AT5G05100,BES1_Target_BL_up
AT3G48360,BES1_Target_BL_up
AT3G53370,BES1_Target_BL_up
AT3G24050,BES1_Target_BL_up
AT3G55510,BES1_Target_BL_up
AT5G53460,BES1_Target_BL_up
AT5G57000,BES1_Target_BL_up
AT1G49160,BES1_Target_BL_up
AT1G79640,BES1_Target_BL_up
AT5G49710,BES1_Target_BL_up
AT4G20300,BES1_Target_BL_up
AT2G02080,BES1_Target_BL_up
AT1G54740,BES1_Target_BL_up
AT5G66640,BES1_Target_BL_up
AT1G58100,BES1_Target_BL_up
AT5G63810,BES1_Target_BL_up
AT1G22460,BES1_Target_BL_up
AT3G62200,BES1_Target_BL_up
AT1G56210,BES1_Target_BL_up
AT5G10720,BES1_Target_BL_up
AT3G18780,BES1_Target_BL_up
AT1G25560,BES1_Target_BL_up
AT4G22820,BES1_Target_BL_up
AT2G12462,BES1_Target_BL_up
AT1G18290,BES1_Target_BL_up
AT1G11820,BES1_Target_BL_up
AT5G57785,BES1_Target_BL_down
AT5G20710,BES1_Target_BL_down
AT1G07985,BES1_Target_BL_down
AT3G57010,BES1_Target_BL_down
AT3G50660,BES1_Target_BL_down
AT1G59940,BES1_Target_BL_down
AT3G18710,BES1_Target_BL_down
AT4G36780,BES1_Target_BL_down
AT3G16570,BES1_Target_BL_down
AT4G27410,BES1_Target_BL_down
AT2G44910,BES1_Target_BL_down
AT5G01595,BES1_Target_BL_down
AT1G32190,BES1_Target_BL_down
AT3G62100,BES1_Target_BL_down
AT5G65140,BES1_Target_BL_down
AT2G03760,BES1_Target_BL_down
AT3G44310,BES1_Target_BL_down
AT4G34710,BES1_Target_BL_down
AT4G24972,BES1_Target_BL_down
AT1G37130,BES1_Target_BL_down
AT1G03790,BES1_Target_BL_down
AT5G64260,BES1_Target_BL_down
AT3G52870,BES1_Target_BL_down
AT4G33800,BES1_Target_BL_down
AT5G66080,BES1_Target_BL_down
AT1G26770,BES1_Target_BL_down
AT3G30180,BES1_Target_BL_down
AT1G77760,BES1_Target_BL_down
AT5G20700,BES1_Target_BL_down
AT3G21560,BES1_Target_BL_down
AT1G65920,BES1_Target_BL_down
AT5G17860,BES1_Target_BL_down
AT3G06125,BES1_Target_BL_down
AT4G23750,BES1_Target_BL_down
AT5G25460,BES1_Target_BL_down
AT1G76500,BES1_Target_BL_down
AT3G63060,BES1_Target_BL_down
AT5G21105,BES1_Target_BL_down
AT5G39610,BES1_Target_BL_down
AT4G29905,BES1_Target_BL_down
AT4G33905,BES1_Target_BL_down
AT5G17850,BES1_Target_BL_down
AT3G13730,BES1_Target_BL_down
AT1G52890,BES1_Target_BL_down
AT1G76220,BES1_Target_BL_down
AT1G19900,BES1_Target_BL_down
AT4G15610,BES1_Target_BL_down
AT2G34500,BES1_Target_BL_down
AT4G23020,BES1_Target_BL_down
AT5G38970,BES1_Target_BL_down
AT5G54510,BES1_Target_BL_down
AT5G65340,BES1_Target_BL_down
AT1G72140,BES1_Target_BL_down
AT4G36790,BES1_Target_BL_down
AT1G07430,BES1_Target_BL_down
AT5G03210,BES1_Target_BL_down
AT4G16146,BES1_Target_BL_down
AT5G45920,BES1_Target_BL_down
AT2G36780,BES1_Target_BL_down
AT1G66725,BES1_Target_BL_down
AT4G25433,BES1_Target_BL_down
AT3G61610,BES1_Target_BL_down
AT2G01420,BES1_Target_BL_down
AT5G65300,BES1_Target_BL_down
AT5G58070,BES1_Target_BL_down
AT1G28580,BES1_Target_BL_down
AT5G04590,BES1_Target_BL_down
AT3G15500,BES1_Target_BL_down
AT5G06990,BES1_Target_BL_down
AT5G57780,BES1_Target_BL_down
AT5G66590,BES1_Target_BL_down
AT2G22660,BES1_Target_BL_down
AT3G50060,BES1_Target_BL_down
AT1G73480,BES1_Target_BL_down
AT2G23180,BES1_Target_BL_down
AT2G39450,BES1_Target_BL_down
AT5G04330,BES1_Target_BL_down
AT3G14440,BES1_Target_BL_down
AT3G16460,BES1_Target_BL_down
AT4G19230,BES1_Target_BL_down
AT4G00490,BES1_Target_BL_down
AT3G21330,BES1_Target_BL_down
AT5G53010,BES1_Target_BL_down
AT5G59220,BES1_Target_BL_down
AT5G17800,BES1_Target_BL_down
AT2G18690,BES1_Target_BL_down
AT3G46550,BES1_Target_BL_down
AT2G46860,BES1_Target_BL_down
AT5G54160,BES1_Target_BL_down
AT2G29460,BES1_Target_BL_down
AT1G30320,BES1_Target_BL_down
AT5G63350,BES1_Target_BL_down
AT5G57660,BES1_Target_BL_down
AT2G36080,BES1_Target_BL_down
AT1G75440,BES1_Target_BL_down
AT2G43060,BES1_Target_BL_down
AT3G50630,BES1_Target_BL_down
AT1G15460,BES1_Target_BL_down
AT3G23630,BES1_Target_BL_down
AT2G46510,BES1_Target_BL_down
AT3G57880,BES1_Target_BL_down
AT3G25070,BES1_Target_BL_down
AT1G14960,BES1_Target_BL_down
AT4G16370,BES1_Target_BL_down
AT3G06270,BES1_Target_BL_down
AT5G55180,BES1_Target_BL_down
AT3G51950,BES1_Target_BL_down
AT1G03610,BES1_Target_BL_down
AT2G16700,BES1_Target_BL_down
AT5G57050,BES1_Target_BL_down
AT1G06570,BES1_Target_BL_down
AT1G69410,BES1_Target_BL_down
AT5G41600,BES1_Target_BL_down
AT4G16140,BES1_Target_BL_down
AT2G45050,BES1_Target_BL_down
AT1G07980,BES1_Target_BL_down
AT1G68620,BES1_Target_BL_down
AT2G17500,BES1_Target_BL_down
AT3G20250,BES1_Target_BL_down
AT1G67910,BES1_Target_BL_down
AT3G48690,BES1_Target_BL_down
AT1G63720,BES1_Target_BL_down
AT1G56600,BES1_Target_BL_down
AT5G59480,BES1_Target_BL_down
AT2G46520,BES1_Target_BL_down
AT3G62700,BES1_Target_BL_down
AT1G22360,BES1_Target_BL_down
AT3G20830,BES1_Target_BL_down
AT5G01600,BES1_Target_BL_down
AT3G14560,BES1_Target_BL_down
AT3G57540,BES1_Target_BL_down
AT1G75170,BES1_Target_BL_down
AT4G28840,BES1_Target_BL_down
AT1G65590,BES1_Target_BL_down
AT3G06500,BES1_Target_BL_down
AT1G71080,BES1_Target_BL_down
AT4G25410,BES1_Target_BL_down
AT1G60190,BES1_Target_BL_down
AT1G23090,BES1_Target_BL_down
AT5G44582,BES1_Target_BL_down
AT2G21510,BES1_Target_BL_down
AT3G24420,BES1_Target_BL_down
AT4G32920,BES1_Target_BL_down
AT5G24930,BES1_Target_BL_down
AT2G20080,BES1_Target_BL_down
AT4G05100,BES1_Target_BL_down
AT2G22760,BES1_Target_BL_down
AT5G55390,BES1_Target_BL_down
AT2G43910,BES1_Target_BL_down
AT1G10470,BES1_Target_BL_down
AT2G36870,BES1_Target_BL_down
AT2G16720,BES1_Target_BL_down
AT1G19310,BES1_Target_BL_down
AT3G22840,BES1_Target_BL_down
AT4G01070,BES1_Target_BL_down
AT5G48530,BES1_Target_BL_down
AT5G13740,BES1_Target_BL_down
AT5G38200,BES1_Target_BL_down
AT1G29395,BES1_Target_BL_down
AT2G38750,BES1_Target_BL_down
AT4G17460,BES1_Target_BL_down
AT5G59010,BES1_Target_BL_down
AT3G16470,BES1_Target_BL_down
AT4G25420,BES1_Target_BL_down
AT1G70310,BES1_Target_BL_down
AT1G15470,BES1_Target_BL_down
AT4G01870,BES1_Target_BL_down
AT2G29450,BES1_Target_BL_down
AT1G26945,BES1_Target_BL_down
AT5G27030,BES1_Target_BL_down
AT1G78600,BES1_Target_BL_down
AT2G31980,BES1_Target_BL_down
AT3G51240,BES1_Target_BL_down
AT1G67360,BES1_Target_BL_down
AT3G21750,BES1_Target_BL_down
AT4G38740,BES1_Target_BL_down
AT2G38820,BES1_Target_BL_down
AT5G67020,BES1_Target_BL_down
AT1G53170,BES1_Target_BL_down
AT3G44320,BES1_Target_BL_down
AT2G47270,BES1_Target_BL_down
AT4G25780,BES1_Target_BL_down
AT5G05690,BES1_Target_BL_down
AT3G17130,BES1_Target_BL_down
AT3G29575,BES1_Target_BL_down
AT3G16350,BES1_Target_BL_down
AT3G62630,BES1_Target_BL_down
AT2G34810,BES1_Target_BL_down
AT1G72180,BES1_Target_BL_down
AT5G24090,BES1_Target_BL_down
AT1G70790,BES1_Target_BL_down
AT5G56870,BES1_Target_BL_down
AT2G16430,BES1_Target_BL_down
AT5G53370,BES1_Target_BL_down
AT4G16770,BES1_Target_BL_down
AT1G07150,BES1_Target_BL_down
AT4G21440,BES1_Target_BL_down
AT2G35200,BES1_Target_BL_down
AT5G63660,BES1_Target_BL_down
AT3G45780,BES1_Target_BL_down
AT2G44670,BES1_Target_BL_down
AT1G20630,BES1_Target_BL_down
AT1G63090,BES1_Target_BL_down
AT1G21980,BES1_Target_BL_down
AT1G10760,BES1_Target_BL_down
AT4G33150,BES1_Target_BL_down
AT5G03190,BES1_Target_BL_down
AT5G47060,BES1_Target_BL_down
AT5G63860,BES1_Target_BL_down
AT2G30550,BES1_Target_BL_down
AT5G63530,BES1_Target_BL_down
AT2G38760,BES1_Target_BL_down
AT5G13750,BES1_Target_BL_down
AT4G30080,BES1_Target_BL_down
AT1G77690,BES1_Target_BL_down
AT4G30960,BES1_Target_BL_down
AT1G76360,BES1_Target_BL_down
AT5G55120,BES1_Target_BL_down
AT3G50800,BES1_Target_BL_down
AT3G49790,BES1_Target_BL_down
AT2G36050,BES1_Target_BL_down
AT2G15490,BES1_Target_BL_down
AT1G70300,BES1_Target_BL_down
AT1G09970,BES1_Target_BL_down
AT2G41310,BES1_Target_BL_down
AT3G19380,BES1_Target_BL_down
AT1G22230,BES1_Target_BL_down
AT4G15550,BES1_Target_BL_down
AT1G10410,BES1_Target_BL_down
AT2G45080,BES1_Target_BL_down
AT5G52400,BES1_Target_BL_down
AT3G11420,BES1_Target_BL_down
AT4G12290,BES1_Target_BL_down
AT5G66650,BES1_Target_BL_down
AT3G23930,BES1_Target_BL_down
AT3G63210,BES1_Target_BL_down
AT3G08760,BES1_Target_BL_down
AT3G07320,BES1_Target_BL_down
AT1G51140,BES1_Target_BL_down
AT1G12845,BES1_Target_BL_down
AT1G64040,BES1_Target_BL_down
AT4G29190,BES1_Target_BL_down
AT5G01840,BES1_Target_BL_down
AT5G57123,BES1_Target_BL_down
AT5G57710,BES1_Target_BL_down
AT1G73540,BES1_Target_BL_down
AT5G45340,BES1_Target_BL_down
AT2G17220,BES1_Target_BL_down
AT1G75380,BES1_Target_BL_down
AT5G24760,BES1_Target_BL_down
AT2G23610,BES1_Target_BL_down
AT1G67900,BES1_Target_BL_down
AT5G37540,BES1_Target_BL_down
AT1G63050,BES1_Target_BL_down
AT1G03600,BES1_Target_BL_down
AT1G13360,BES1_Target_BL_down
AT2G30500,BES1_Target_BL_down
AT2G41650,BES1_Target_BL_down
AT4G16670,BES1_Target_BL_down
AT2G41070,BES1_Target_BL_down
AT5G39080,BES1_Target_BL_down
AT3G44300,BES1_Target_BL_down
AT1G59960,BES1_Target_BL_down
AT3G23400,BES1_Target_BL_down
AT5G40390,BES1_Target_BL_down
AT4G27657,BES1_Target_BL_down
AT2G29660,BES1_Target_BL_down
AT3G13040,BES1_Target_BL_down
AT4G22070,BES1_Target_BL_down
AT4G23670,BES1_Target_BL_down
AT5G63410,BES1_Target_BL_down
AT5G54390,BES1_Target_BL_down
AT2G46270,BES1_Target_BL_down
AT3G16050,BES1_Target_BL_down
AT1G20900,BES1_Target_BL_down
AT5G39090,BES1_Target_BL_down
AT4G01250,BES1_Target_BL_down
AT2G18350,BES1_Target_BL_down
AT4G37070,BES1_Target_BL_down
AT3G24810,BES1_Target_BL_down
AT2G22590,BES1_Target_BL_down
AT4G35200,BES1_Target_BL_down
AT3G58640,BES1_Target_BL_down
AT5G65280,BES1_Target_BL_down
AT3G50790,BES1_Target_BL_down
AT1G75450,BES1_Target_BL_down
AT4G04830,BES1_Target_BL_down
AT1G06640,BES1_Target_BL_down
AT5G46170,BES1_Target_BL_down
AT3G19390,BES1_Target_BL_down
AT2G35940,BES1_Target_BL_down
AT2G15970,BES1_Target_BL_down
AT3G22830,BES1_Target_BL_down
AT3G12320,BES1_Target_BL_down
AT2G44080,BES1_Target_BL_down
AT5G05850,BES1_Target_BL_down
AT1G28330,BES1_Target_BL_down
AT4G35070,BES1_Target_BL_down
AT5G59790,BES1_Target_BL_down
AT5G51780,BES1_Target_BL_down
AT3G45638,BES1_Target_BL_down
AT5G59540,BES1_Target_BL_down
AT2G45430,BES1_Target_BL_down
AT3G56710,BES1_Target_BL_down
AT1G30110,BES1_Target_BL_down
AT1G46264,BES1_Target_BL_down
AT1G72450,BES1_Target_BL_down
AT4G12000,BES1_Target_BL_down
AT1G21590,BES1_Target_BL_down
AT3G62980,BES1_Target_BL_down
AT5G48150,BES1_Target_BL_down
AT2G27060,BES1_Target_BL_down
AT5G49680,BES1_Target_BL_down
AT3G60530,BES1_Target_BL_down
AT5G02020,BES1_Target_BL_down
AT4G39400,BES1_Target_BL_down
AT3G61460,BES1_Target_BL_down
AT1G26970,BES1_Target_BL_down
AT5G62130,BES1_Target_BL_down
AT2G22770,BES1_Target_BL_down
AT5G67030,BES1_Target_BL_down
AT1G29930,BES1_Target_BL_down
AT2G40540,BES1_Target_BL_down
AT2G25460,BES1_Target_BL_down
AT1G47970,BES1_Target_BL_down
AT2G29390,BES1_Target_BL_down
AT5G64220,BES1_Target_BL_down
AT5G11630,BES1_Target_BL_down
AT4G25770,BES1_Target_BL_down
AT2G22500,BES1_Target_BL_down
AT2G45380,BES1_Target_BL_down
AT1G76980,BES1_Target_BL_down
AT3G50900,BES1_Target_BL_down
AT4G25390,BES1_Target_BL_down
AT5G64270,BES1_Target_BL_down
AT3G49810,BES1_Target_BL_down
AT1G74500,BES1_Target_BL_down
AT2G23290,BES1_Target_BL_down
AT1G21010,BES1_Target_BL_down
AT2G39700,BES1_Target_BL_down
AT3G61440,BES1_Target_BL_down
AT1G64140,BES1_Target_BL_down
AT4G14130,BES1_Target_BL_down
AT3G52060,BES1_Target_BL_down
AT5G16120,BES1_Target_BL_down
AT5G47250,BES1_Target_BL_down
AT5G47640,BES1_Target_BL_down
AT4G23100,BES1_Target_BL_down
AT3G06080,BES1_Target_BL_down
AT5G62290,BES1_Target_BL_down
AT1G19850,BES1_Target_BL_down
AT1G77740,BES1_Target_BL_down
AT5G64330,BES1_Target_BL_down
AT3G14200,BES1_Target_BL_down
AT2G30070,BES1_Target_BL_down
AT3G13510,BES1_Target_BL_down
AT1G14850,BES1_Target_BL_down
AT5G15750,BES1_Target_BL_down
AT2G47010,BES1_Target_BL_down
AT5G50760,BES1_Target_BL_down
AT5G64660,BES1_Target_BL_down
AT2G37440,BES1_Target_BL_down
AT1G62370,BES1_Target_BL_down
AT1G51170,BES1_Target_BL_down
AT4G32070,BES1_Target_BL_down
AT5G23730,BES1_Target_BL_down
AT2G26190,BES1_Target_BL_down
AT4G00760,BES1_Target_BL_down
AT3G09560,BES1_Target_BL_down
AT5G13760,BES1_Target_BL_down
AT3G01490,BES1_Target_BL_down
AT4G40060,BES1_Target_BL_down
AT4G08040,BES1_Target_BL_down
AT3G12300,BES1_Target_BL_down
AT3G44100,BES1_Target_BL_down
AT5G01750,BES1_Target_BL_down
AT3G59940,BES1_Target_BL_down
AT1G71870,BES1_Target_BL_down
AT5G51790,BES1_Target_BL_down
AT4G24220,BES1_Target_BL_down
AT5G07190,BES1_Target_BL_down
AT5G65630,BES1_Target_BL_down
AT4G18880,BES1_Target_BL_down
AT1G26270,BES1_Target_BL_down
AT2G31570,BES1_Target_BL_down
AT4G15233,BES1_Target_BL_down
AT3G51410,BES1_Target_BL_down
AT1G67365,BES1_Target_BL_down
AT3G45640,BES1_Target_BL_down
AT5G01820,BES1_Target_BL_down
AT4G35110,BES1_Target_BL_down
AT4G32040,BES1_Target_BL_down
AT5G59490,BES1_Target_BL_down
AT1G74510,BES1_Target_BL_down
AT1G01490,BES1_Target_BL_down
AT5G60850,BES1_Target_BL_down
AT3G52850,BES1_Target_BL_down
AT1G03220,BES1_Target_BL_down
AT3G11410,BES1_Target_BL_down
AT1G76590,BES1_Target_BL_down
AT4G25470,BES1_Target_BL_down
AT4G32870,BES1_Target_BL_down
AT5G27670,BES1_Target_BL_down
AT1G13245,BES1_Target_BL_down
AT2G23120,BES1_Target_BL_down
AT5G13080,BES1_Target_BL_down
AT4G32290,BES1_Target_BL_down
AT4G36110,BES1_Target_BL_down
AT5G59430,BES1_Target_BL_down
AT1G14720,BES1_Target_BL_down
AT5G12330,BES1_Target_BL_down
AT3G23920,BES1_Target_BL_down
AT5G54840,BES1_Target_BL_down
AT3G03150,BES1_Target_BL_down
AT2G36430,BES1_Target_BL_down
AT5G14700,BES1_Target_BL_down
AT1G06645,BES1_Target_BL_down
AT3G50070,BES1_Target_BL_down
AT2G18790,BES1_Target_BL_down
AT2G28470,BES1_Target_BL_down
AT1G76210,BES1_Target_BL_down
AT5G57790,BES1_Target_BL_down
AT2G01490,BES1_Target_BL_down
AT1G62520,BES1_Target_BL_down
AT1G18710,BES1_Target_BL_down
AT1G32100,BES1_Target_BL_down
AT5G66720,BES1_Target_BL_down
AT3G13000,BES1_Target_BL_down
AT3G56200,BES1_Target_BL_down
AT4G19700,BES1_Target_BL_down
AT1G53180,BES1_Target_BL_down
AT5G67230,BES1_Target_BL_down
AT3G12120,BES1_Target_BL_down
AT5G18460,BES1_Target_BL_down
AT2G47730,BES1_Target_BL_down
AT1G73530,BES1_Target_BL_down
AT5G03660,BES1_Target_BL_down
AT1G01570,BES1_Target_BL_down
AT4G29700,BES1_Target_BL_down
AT1G21400,BES1_Target_BL_down
AT2G30020,BES1_Target_BL_down
AT4G02715,BES1_Target_BL_down
AT1G01500,BES1_Target_BL_down
AT5G03110,BES1_Target_BL_down
AT3G63400,BES1_Target_BL_down
AT5G20190,BES1_Target_BL_down
AT4G17230,BES1_Target_BL_down
AT3G51370,BES1_Target_BL_down
AT1G59970,BES1_Target_BL_down
AT5G01090,BES1_Target_BL_down
AT1G76620,BES1_Target_BL_down
AT2G47260,BES1_Target_BL_down
AT3G07350,BES1_Target_BL_down
AT1G17350,BES1_Target_BL_down
AT2G24570,BES1_Target_BL_down
AT4G01860,BES1_Target_BL_down
AT3G14350,BES1_Target_BL_down
AT1G75220,BES1_Target_BL_down
AT4G37770,BES1_Target_BL_down
AT5G39040,BES1_Target_BL_down
AT4G37690,BES1_Target_BL_down
AT1G56200,BES1_Target_BL_down
AT4G37760,BES1_Target_BL_down
AT2G43020,BES1_Target_BL_down
AT1G69260,BES1_Target_BL_down
AT1G12050,BES1_Target_BL_down
AT3G03620,BES1_Target_BL_down
AT3G60870,BES1_Target_BL_down
AT2G30920,BES1_Target_BL_down
AT3G03170,BES1_Target_BL_down
AT1G19210,BES1_Target_BL_down
AT5G20950,BES1_Target_BL_down
AT1G79120,BES1_Target_BL_down
AT3G13380,BES1_Target_BL_down
AT3G62160,BES1_Target_BL_down
AT1G70780,BES1_Target_BL_down
AT1G52190,BES1_Target_BL_down
AT3G13480,BES1_Target_BL_down
AT3G15770,BES1_Target_BL_down
AT5G14690,BES1_Target_BL_down
AT3G20840,BES1_Target_BL_down
AT1G62510,BES1_Target_BL_down
AT2G32930,BES1_Target_BL_down
AT5G06530,BES1_Target_BL_down
AT3G22370,BES1_Target_BL_down
AT1G12420,BES1_Target_BL_down
AT2G39210,BES1_Target_BL_down
AT5G16560,BES1_Target_BL_down
AT1G09390,BES1_Target_BL_down
AT1G16500,BES1_Target_BL_down
AT5G01830,BES1_Target_BL_down
AT1G73660,BES1_Target_BL_down
AT5G66675,BES1_Target_BL_down
AT3G20015,BES1_Target_BL_down
AT5G53500,BES1_Target_BL_down
AT3G11580,BES1_Target_BL_down
AT5G40770,BES1_Target_BL_down
AT5G59550,BES1_Target_BL_down
AT5G62070,BES1_Target_BL_down
AT1G80610,BES1_Target_BL_down
AT1G62660,BES1_Target_BL_down
AT5G57340,BES1_Target_BL_down
AT2G41870,BES1_Target_BL_down
AT4G35490,BES1_Target_BL_down
AT1G67300,BES1_Target_BL_down
AT2G36890,BES1_Target_BL_down
AT1G27730,BES1_Target_BL_down
AT4G34410,BES1_Target_BL_down
AT3G45650,BES1_Target_BL_down
AT1G16850,BES1_Target_BL_down
AT5G06980,BES1_Target_BL_down
AT1G18740,BES1_Target_BL_down
AT3G55980,BES1_Target_BL_down
AT1G08200,BES1_Target_BL_down
AT2G25900,BES1_Target_BL_down
AT5G61820,BES1_Target_BL_down
AT4G24240,BES1_Target_BL_down
AT3G04420,BES1_Target_BL_down
AT5G03740,BES1_Target_BL_down
AT5G52430,BES1_Target_BL_down
AT4G24040,BES1_Target_BL_down
AT4G39800,BES1_Target_BL_down
AT2G22670,BES1_Target_BL_down
AT1G70750,BES1_Target_BL_down
AT3G48240,BES1_Target_BL_down
AT5G49100,BES1_Target_BL_down
AT4G18950,BES1_Target_BL_down
AT3G46540,BES1_Target_BL_down
AT4G01680,BES1_Target_BL_down
AT1G74450,BES1_Target_BL_down
AT3G61880,BES1_Target_BL_down
AT3G54020,BES1_Target_BL_down
AT4G28300,BES1_Target_BL_down
AT5G65920,BES1_Target_BL_down
AT3G11770,BES1_Target_BL_down
AT1G78590,BES1_Target_BL_down
AT3G60190,BES1_Target_BL_down
AT1G50420,BES1_Target_BL_down
AT1G07420,BES1_Target_BL_down
AT3G61600,BES1_Target_BL_down
AT5G62000,BES1_Target_BL_down
AT5G01850,BES1_Target_BL_down
AT1G14910,BES1_Target_BL_down
AT1G72470,BES1_Target_BL_down
AT5G48540,BES1_Target_BL_down
AT4G39850,BES1_Target_BL_down
AT5G63130,BES1_Target_BL_down
AT2G26530,BES1_Target_BL_down
AT1G70700,BES1_Target_BL_down
AT1G14310,BES1_Target_BL_down
AT3G60380,BES1_Target_BL_down
AT3G08640,BES1_Target_BL_down
AT1G26730,BES1_Target_BL_down
AT2G42790,BES1_Target_BL_down
AT5G59400,BES1_Target_BL_down
AT2G37450,BES1_Target_BL_down
AT5G42650,BES1_Target_BL_down
AT2G42760,BES1_Target_BL_down
AT4G37320,BES1_Target_BL_down
AT1G61890,BES1_Target_BL_down
AT4G13930,BES1_Target_BL_down
AT5G62560,BES1_Target_BL_down
AT2G05920,BES1_Target_BL_down
AT4G36820,BES1_Target_BL_down
AT3G12290,BES1_Target_BL_down
AT4G01690,BES1_Target_BL_down
AT5G57010,BES1_Target_BL_down
AT1G13560,BES1_Target_BL_down
AT5G60680,BES1_Target_BL_down
AT2G29080,BES1_Target_BL_down
AT5G63370,BES1_Target_BL_down
AT1G18720,BES1_Target_BL_down
AT4G33910,BES1_Target_BL_down
AT1G72175,BES1_Target_BL_down
AT4G27490,BES1_Target_BL_down
AT1G55090,BES1_Target_BL_down
AT2G46810,BES1_Target_BL_down
AT3G60690,BES1_Target_BL_down
AT2G18090,BES1_Target_BL_down
AT3G19000,BES1_Target_BL_down
AT5G11070,BES1_Target_BL_down
AT1G29390,BES1_Target_BL_down
AT1G70420,BES1_Target_BL_down
AT5G03630,BES1_Target_BL_down
AT1G68550,BES1_Target_BL_down
AT5G62910,BES1_Target_BL_down
AT4G36010,BES1_Target_BL_down
AT4G17615,BES1_Target_BL_down
AT4G36648,BES1_Target_BL_down
AT5G47180,BES1_Target_BL_down
AT2G22010,BES1_Target_BL_down
AT5G64210,BES1_Target_BL_down
AT2G30560,BES1_Target_BL_down
AT3G23030,BES1_Target_BL_down
AT2G45710,BES1_Target_BL_down
AT2G25690,BES1_Target_BL_down
AT5G14105,BES1_Target_BL_down
AT5G62390,BES1_Target_BL_down
AT5G59590,BES1_Target_BL_down
AT5G51810,BES1_Target_BL_down
AT5G56980,BES1_Target_BL_down
AT2G45210,BES1_Target_BL_down
AT2G38470,BES1_Target_BL_down
AT2G35000,BES1_Target_BL_down
AT5G03730,BES1_Target_BL_down
AT1G72210,BES1_Target_BL_down
AT1G73880,BES1_Target_BL_down
AT4G23050,BES1_Target_BL_down
AT5G14180,BES1_Target_BL_down
AT1G27050,BES1_Target_BL_down
AT3G14050,BES1_Target_BL_down
AT4G25500,BES1_Target_BL_down
AT3G26520,BES1_Target_BL_down
AT4G22570,BES1_Target_BL_down
AT2G27500,BES1_Target_BL_down
AT5G11090,BES1_Target_BL_down
AT5G62100,BES1_Target_BL_down
AT1G20620,BES1_Target_BL_down
AT5G59020,BES1_Target_BL_down
AT1G06990,BES1_Target_BL_down
AT1G48490,BES1_Target_BL_down
AT1G67090,BES1_Target_BL_down
AT2G38970,BES1_Target_BL_down
AT4G16150,BES1_Target_BL_down
AT4G25490,BES1_Target_BL_down
AT5G54300,BES1_Target_BL_down
AT4G37260,BES1_Target_BL_down
AT2G44140,BES1_Target_BL_down
AT5G16200,BES1_Target_BL_down
AT1G53510,BES1_Target_BL_down
AT1G59950,BES1_Target_BL_down
AT1G66230,BES1_Target_BL_down
AT1G01900,BES1_Target_BL_down
AT5G21090,BES1_Target_BL_down
AT2G39020,BES1_Target_BL_down
AT1G03590,BES1_Target_BL_down
AT4G34240,BES1_Target_BL_down
AT3G25780,BES1_Target_BL_down
AT1G73210,BES1_Target_BL_down
AT5G67340,BES1_Target_BL_down
AT4G32940,BES1_Target_BL_down
AT4G00150,BES1_Target_BL_down
AT1G27670,BES1_Target_BL_down
AT1G07080,BES1_Target_BL_down
AT1G64060,BES1_Target_BL_down
AT4G33565,BES1_Target_BL_down
AT1G71960,BES1_Target_BL_down
AT4G35550,BES1_Target_BL_down
AT3G11490,BES1_Target_BL_down
AT1G17360,BES1_Target_BL_down
AT5G14220,BES1_Target_BL_down
AT4G03140,BES1_Target_BL_down
AT1G03030,BES1_Target_BL_down
AT3G06510,BES1_Target_BL_down
AT4G24350,BES1_Target_BL_down
AT2G19180,BES1_Target_BL_down
AT3G24480,BES1_Target_BL_down
AT1G05830,BES1_Target_BL_down
AT4G30180,BES1_Target_BL_down
AT4G27870,BES1_Target_BL_down
AT1G01110,BES1_Target_BL_down
AT1G80620,BES1_Target_BL_down
AT3G57400,BES1_Target_BL_down
AT1G04540,BES1_Target_BL_down
AT2G48010,BES1_Target_BL_down
AT1G15250,BES1_Target_BL_down
AT3G58840,BES1_Target_BL_down
AT3G18050,BES1_Target_BL_down
AT4G15260,BES1_Target_BL_down
AT4G15530,BES1_Target_BL_down
AT4G31390,BES1_Target_BL_down
AT2G35210,BES1_Target_BL_down
AT5G66800,BES1_Target_BL_down
AT3G60680,BES1_Target_BL_down
AT1G69800,BES1_Target_BL_down
AT5G24470,BES1_Target_BL_down
AT3G21100,BES1_Target_BL_down
AT1G03070,BES1_Target_BL_down
AT2G42950,BES1_Target_BL_down
AT5G05190,BES1_Target_BL_down
AT3G21270,BES1_Target_BL_down
AT4G08850,BES1_Target_BL_down
AT3G61470,BES1_Target_BL_down
AT5G63450,BES1_Target_BL_down
AT5G05140,BES1_Target_BL_down
AT1G74640,BES1_Target_BL_down
AT1G10560,BES1_Target_BL_down
AT4G28240,BES1_Target_BL_down
AT1G54210,BES1_Target_BL_down
AT3G13720,BES1_Target_BL_down
AT5G51560,BES1_Target_BL_down
AT3G63010,BES1_Target_BL_down
AT1G49450,BES1_Target_BL_down
AT1G75400,BES1_Target_BL_down
AT1G17220,BES1_Target_BL_down
AT5G11650,BES1_Target_BL_down
AT3G01510,BES1_Target_BL_down
AT1G69760,BES1_Target_BL_down
AT2G42620,BES1_Target_BL_down
AT5G01720,BES1_Target_BL_down
AT2G42280,BES1_Target_BL_down
AT3G23810,BES1_Target_BL_down
AT5G57070,BES1_Target_BL_down
AT1G53840,BES1_Target_BL_down
AT1G72650,BES1_Target_BL_down
AT4G30790,BES1_Target_BL_down
AT1G73750,BES1_Target_BL_down
AT5G57670,BES1_Target_BL_down
AT1G12430,BES1_Target_BL_down
AT1G75200,BES1_Target_BL_down
AT5G66870,BES1_Target_BL_down
AT1G73740,BES1_Target_BL_down
AT1G19200,BES1_Target_BL_down
AT3G16500,BES1_Target_BL_down
AT2G29400,BES1_Target_BL_down
AT4G09150,BES1_Target_BL_down
AT4G11820,BES1_Target_BL_down
AT3G08630,BES1_Target_BL_down
AT5G58660,BES1_Target_BL_down
AT3G05500,BES1_Target_BL_down
AT5G59820,BES1_Target_BL_down
AT4G13940,BES1_Target_BL_down
AT5G07730,BES1_Target_BL_down
AT5G23350,BES1_Target_BL_down
AT3G63390,BES1_Target_BL_down
AT3G14230,BES1_Target_BL_down
AT2G14740,BES1_Target_BL_down
AT3G16800,BES1_Target_BL_down
AT4G35510,BES1_Target_BL_down
AT3G57060,BES1_Target_BL_down
AT5G55970,BES1_Target_BL_down
AT5G25220,BES1_Target_BL_down
AT5G05870,BES1_Target_BL_down
AT5G16370,BES1_Target_BL_down
AT3G12670,BES1_Target_BL_down
AT5G16760,BES1_Target_BL_down
AT3G49570,BES1_Target_BL_down
AT5G15940,BES1_Target_BL_down
AT3G15460,BES1_Target_BL_down
AT5G08130,BES1_Target_BL_down
AT3G27260,BES1_Target_BL_down
AT4G36180,BES1_Target_BL_down
AT4G26210,BES1_Target_BL_down
AT1G75310,BES1_Target_BL_down
AT5G64580,BES1_Target_BL_down
AT1G21640,BES1_Target_BL_down
AT3G50910,BES1_Target_BL_down
AT3G47640,BES1_Target_BL_down
AT1G79590,BES1_Target_BL_down
AT2G36880,BES1_Target_BL_down
AT5G39600,BES1_Target_BL_down
AT5G24870,BES1_Target_BL_down
AT4G12410,BES1_Target_BL_down
AT2G01340,BES1_Target_BL_down
AT3G47790,BES1_Target_BL_down
AT2G41890,BES1_Target_BL_down
AT3G11710,BES1_Target_BL_down
AT1G68330,BES1_Target_BL_down
AT1G61370,BES1_Target_BL_down
AT2G20370,BES1_Target_BL_down
AT2G20520,BES1_Target_BL_down
AT5G62220,BES1_Target_BL_down
AT4G17430,BES1_Target_BL_down
AT1G55340,BES1_Target_BL_down
AT1G79420,BES1_Target_BL_down
AT3G17590,BES1_Target_BL_down
AT4G25620,BES1_Target_BL_down
AT1G05410,BES1_Target_BL_down
AT3G05200,BES1_Target_BL_down
AT5G63135,BES1_Target_BL_down
AT5G55950,BES1_Target_BL_down
AT1G09520,BES1_Target_BL_down
AT2G25440,BES1_Target_BL_down
AT2G35620,BES1_Target_BL_down
AT1G09960,BES1_Target_BL_down
AT4G38730,BES1_Target_BL_down
AT2G01150,BES1_Target_BL_down
AT3G14240,BES1_Target_BL_down
AT4G15130,BES1_Target_BL_down
AT5G64650,BES1_Target_BL_down
AT5G55860,BES1_Target_BL_down
AT3G02140,BES1_Target_BL_down
AT3G20260,BES1_Target_BL_down
AT3G23620,BES1_Target_BL_down
AT4G24110,BES1_Target_BL_down
AT3G48110,BES1_Target_BL_down
AT5G51340,BES1_Target_BL_down
AT5G08139,BES1_Target_BL_down
AT3G15880,BES1_Target_BL_down
AT1G50290,BES1_Target_BL_down
AT5G46180,BES1_Target_BL_down
AT3G18990,BES1_Target_BL_down
AT2G38050,BES1_Target_BL_down
AT2G37540,BES1_Target_BL_down
AT5G20180,BES1_Target_BL_down
AT4G27480,BES1_Target_BL_down
AT5G65925,BES1_Target_BL_down
AT1G14330,BES1_Target_BL_down
AT5G67160,BES1_Target_BL_down
AT4G19710,BES1_Target_BL_down
AT1G21600,BES1_Target_BL_down
AT1G75230,BES1_Target_BL_down
AT1G63500,BES1_Target_BL_down
AT1G02660,BES1_Target_BL_down
AT4G00440,BES1_Target_BL_down
AT4G27310,BES1_Target_BL_down
AT3G06483,BES1_Target_BL_down
AT4G29140,BES1_Target_BL_down
AT3G14067,BES1_Target_BL_down
AT1G18860,BES1_Target_BL_down
AT1G21410,BES1_Target_BL_down
AT5G45830,BES1_Target_BL_down
AT1G49780,BES1_Target_BL_down
AT2G22426,BES1_Target_BL_down
AT2G39000,BES1_Target_BL_down
AT1G75800,BES1_Target_BL_down
AT1G54100,BES1_Target_BL_down
AT4G13395,BES1_Target_BL_down
AT5G67290,BES1_Target_BL_down
AT2G39710,BES1_Target_BL_down
AT1G76150,BES1_Target_BL_down
AT1G56660,BES1_Target_BL_down
AT1G75060,BES1_Target_BL_down
AT5G06370,BES1_Target_BL_down
AT4G03030,BES1_Target_BL_down
AT3G61150,BES1_Target_BL_down
AT2G25790,BES1_Target_BL_down
AT5G18830,BES1_Target_BL_down
AT1G20850,BES1_Target_BL_mixed
AT5G03760,BES1_Target_BL_mixed
AT1G78000,BES1_Target_BL_mixed
AT4G20260,BES1_Target_BL_mixed
AT1G12110,BES1_Target_BL_mixed
AT4G36360,BES1_Target_BL_mixed
AT1G68825,BES1_Target_BL_mixed
AT5G46890,BES1_Target_BL_mixed
AT2G40610,BES1_Target_BL_mixed
AT2G15960,BES1_Target_BL_mixed
AT4G27260,BES1_Target_BL_mixed
AT1G55330,BES1_Target_BL_mixed
AT5G18270,BES1_Target_BL_mixed
AT1G80240,BES1_Target_BL_mixed
AT5G66580,BES1_Target_BL_mixed
AT1G69530,BES1_Target_BL_mixed
AT5G12050,BES1_Target_BL_mixed
AT1G29050,BES1_Target_BL_mixed
AT3G49220,BES1_Target_BL_mixed
AT5G14360,BES1_Target_BL_mixed
AT5G51550,BES1_Target_BL_mixed
AT2G17710,BES1_Target_BL_mixed
AT3G13520,BES1_Target_BL_mixed
AT5G43760,BES1_Target_BL_mixed
AT4G32950,BES1_Target_BL_mixed
AT4G37240,BES1_Target_BL_mixed
AT3G01470,BES1_Target_BL_mixed
AT5G04310,BES1_Target_BL_mixed
AT5G54500,BES1_Target_BL_mixed
AT1G22550,BES1_Target_BL_mixed
AT5G49450,BES1_Target_BL_mixed
AT5G07010,BES1_Target_BL_mixed
AT2G34600,BES1_Target_BL_mixed
AT4G00430,BES1_Target_BL_mixed
AT1G78100,BES1_Target_BL_mixed
AT3G57800,BES1_Target_BL_mixed
AT2G30860,BES1_Target_BL_mixed
AT5G24530,BES1_Target_BL_mixed
AT1G12610,BES1_Target_BL_mixed
AT1G23710,BES1_Target_BL_mixed
AT1G31070,BES1_Target_BL_mixed
AT2G01910,BES1_Target_BL_mixed
AT4G31550,BES1_Target_BL_mixed
AT2G22860,BES1_Target_BL_mixed
AT5G07580,BES1_Target_BL_mixed
AT1G74930,BES1_Target_BL_mixed
AT3G60520,BES1_Target_BL_mixed
AT3G16240,BES1_Target_BL_mixed
AT3G47340,BES1_Target_BL_mixed
AT3G61890,BES1_Target_BL_mixed
AT3G11690,BES1_Target_BL_mixed
AT2G39705,BES1_Target_BL_mixed
AT4G37390,BES1_Target_BL_mixed
AT3G62690,BES1_Target_BL_mixed
AT1G75750,BES1_Target_BL_mixed
AT3G46700,BES1_Target_BL_mixed
AT2G27080,BES1_Target_BL_mixed
AT2G41420,BES1_Target_BL_mixed
AT1G19300,BES1_Target_BL_mixed
AT4G34480,BES1_Target_BL_mixed
AT3G53420,BES1_Target_BL_mixed
AT3G23090,BES1_Target_BL_mixed
AT1G14860,BES1_Target_BL_mixed
AT3G12700,BES1_Target_BL_mixed
AT2G32150,BES1_Target_BL_mixed
AT1G51940,BES1_Target_BL_mixed
AT5G62280,BES1_Target_BL_mixed
AT1G05710,BES1_Target_BL_mixed
AT4G16563,BES1_Target_BL_mixed
AT4G05150,BES1_Target_BL_mixed
AT5G64750,BES1_Target_BL_mixed
AT1G72130,BES1_Target_BL_mixed
AT5G02490,BES1_Target_BL_mixed
AT4G39070,BES1_Target_BL_mixed
AT1G20440,BES1_Target_BL_mixed
AT2G22330,BES1_Target_BL_mixed
AT4G19030,BES1_Target_BL_mixed
AT3G61420,BES1_Target_BL_mixed
AT5G15950,BES1_Target_BL_mixed
AT2G46150,BES1_Target_BL_mixed
AT3G06490,BES1_Target_BL_mixed
AT2G38240,BES1_Target_BL_mixed
AT1G02400,BES1_Target_BL_mixed
AT3G27960,BES1_Target_BL_mixed
AT1G69910,BES1_Target_BL_mixed
AT1G03850,BES1_Target_BL_mixed
AT1G44350,BES1_Target_BL_mixed
AT5G08330,BES1_Target_BL_mixed
AT2G31083,BES1_Target_BL_mixed
AT4G25630,BES1_Target_BL_mixed
AT3G23050,BES1_Target_BL_mixed
AT4G37790,BES1_Target_BL_mixed
AT4G37590,BES1_Target_BL_mixed
AT1G18570,BES1_Target_BL_mixed
AT5G65380,BES1_Target_BL_mixed
AT3G60550,BES1_Target_BL_mixed
AT5G07680,BES1_Target_BL_mixed
AT1G21910,BES1_Target_BL_mixed
AT3G04010,BES1_Target_BL_mixed
AT5G27930,BES1_Target_BL_mixed
AT5G44030,BES1_Target_BL_mixed
AT5G11950,BES1_Target_BL_mixed
AT3G62660,BES1_Target_BL_mixed
AT2G20515,BES1_Target_BL_mixed
AT5G02550,BES1_Target_BL_mixed
AT4G24960,BES1_Target_BL_mixed
AT5G47370,BES1_Target_BL_mixed
AT3G49670,BES1_Target_BL_mixed
AT5G59050,BES1_Target_BL_mixed
AT1G66400,BES1_Target_BL_mixed
AT5G64250,BES1_Target_BL_mixed
AT1G75590,BES1_Target_BL_mixed
AT2G37180,BES1_Target_BL_mixed
AT3G48520,BES1_Target_BL_mixed
AT3G52370,BES1_Target_BL_mixed
AT4G30490,BES1_Target_BL_mixed
AT4G26540,BES1_Target_BL_mixed
AT1G64390,BES1_Target_BL_mixed
AT1G16370,BES1_Target_BL_mixed
AT2G44500,BES1_Target_BL_mixed
AT5G03140,BES1_Target_BL_mixed
AT1G75390,BES1_Target_BL_mixed
AT4G35480,BES1_Target_BL_mixed
AT2G15480,BES1_Target_BL_mixed
AT5G15265,BES1_Target_BL_mixed
AT1G28680,BES1_Target_BL_mixed
AT4G03510,BES1_Target_BL_mixed
AT1G21670,BES1_Target_BL_mixed
AT3G62650,BES1_Target_BL_mixed
AT2G32990,BES1_Target_BL_mixed
AT2G28350,BES1_Target_BL_mixed
AT3G17510,BES1_Target_BL_mixed
AT1G76080,BES1_Target_BL_mixed
AT5G67280,BES1_Target_BL_mixed
AT5G20540,BES1_Target_BL_mixed
AT4G16490,BES1_Target_BL_mixed
AT3G59765,BES1_Target_BL_mixed
AT4G31820,BES1_Target_BL_mixed
AT5G41400,BES1_Target_BL_mixed
AT5G23210,BES1_Target_BL_mixed
AT1G44608,BES1_Target_BL_mixed
AT5G65310,BES1_Target_BL_mixed
AT2G01850,BES1_Target_BL_mixed
AT1G61900,BES1_Target_BL_mixed
AT1G66470,BES1_Target_BL_mixed
AT4G37940,BES1_Target_BL_mixed
AT2G29980,BES1_Target_BL_mixed
AT5G62360,BES1_Target_BL_mixed
AT1G01300,BES1_Target_BL_mixed
AT3G06130,BES1_Target_BL_mixed
AT1G67920,BES1_Target_BL_mixed
AT5G49520,BES1_Target_BL_mixed
AT1G21050,BES1_Target_BL_mixed
AT5G06300,BES1_Target_BL_mixed
AT1G14870,BES1_Target_BL_mixed
AT1G35350,BES1_Target_BL_mixed
AT1G18670,BES1_Target_BL_mixed
AT3G45600,BES1_Target_BL_mixed
AT3G63200,BES1_Target_BL_mixed
AT4G36860,BES1_Target_BL_mixed
AT4G36900,BES1_Target_BL_mixed
AT4G38810,BES1_Target_BL_mixed
AT3G23410,BES1_Target_BL_mixed
AT5G27920,BES1_Target_BL_mixed
AT2G35930,BES1_Target_BL_mixed
AT2G37170,BES1_Target_BL_mixed
AT4G37850,BES1_Target_BL_mixed
AT5G47230,BES1_Target_BL_mixed
AT3G07340,BES1_Target_BL_mixed
AT4G25380,BES1_Target_BL_mixed
AT1G05010,BES1_Target_BL_mixed
AT3G28210,BES1_Target_BL_mixed
AT5G19090,BES1_Target_BL_mixed
AT5G08320,BES1_Target_BL_mixed
AT1G62380,BES1_Target_BL_mixed
AT5G01380,BES1_Target_BL_mixed
AT2G36910,BES1_Target_BL_mixed
AT4G17500,BES1_Target_BL_mixed
AT2G47160,BES1_Target_BL_mixed
AT2G26690,BES1_Target_BL_mixed
AT5G13220,BES1_Target_BL_mixed
AT1G72240,BES1_Target_BL_mixed
AT1G80440,BES1_Target_BL_mixed
AT2G27310,BES1_Target_BL_mixed
AT1G01470,BES1_Target_BL_mixed
AT4G38620,BES1_Target_BL_mixed
AT3G56360,BES1_Target_BL_mixed
AT4G34230,BES1_Target_BL_mixed
AT1G14920,BES1_Target_BL_mixed
AT5G02230,BES1_Target_BL_mixed
AT3G55990,BES1_Target_BL_mixed
AT1G01140,BES1_Target_BL_mixed
AT2G17080,BES1_Target_BL_mixed
AT3G05320,BES1_Target_BL_mixed
AT3G03990,BES1_Target_BL_mixed
AT2G46225,BES1_Target_BL_mixed
AT5G54590,BES1_Target_BL_mixed
AT2G42430,BES1_Target_BL_mixed
AT1G70290,BES1_Target_BL_mixed
AT4G05320,BES1_Target_BL_mixed
AT2G40000,BES1_Target_BL_mixed
AT2G29440,BES1_Target_BL_mixed
AT1G08920,BES1_Target_BL_mixed
AT1G22400,BES1_Target_BL_mixed
AT1G49730,BES1_Target_BL_mixed
AT1G35780,BES1_Target_BL_mixed
AT1G07280,BES1_Target_BL_mixed
AT1G23390,BES1_Target_BL_mixed
AT1G79150,BES1_Target_BL_mixed
AT3G48340,BES1_Target_BL_mixed
AT4G33240,BES1_Target_BL_mixed
AT2G02710,BES1_Target_BL_mixed
AT5G13090,BES1_Target_BL_mixed
AT4G33666,BES1_Target_BL_mixed
AT3G61190,BES1_Target_BL_mixed
AT3G20820,BES1_Target_BL_mixed
AT4G32890,BES1_Target_BL_mixed
AT3G19580,BES1_Target_BL_mixed
AT3G21070,BES1_Target_BL_mixed
AT4G14465,BES1_Target_BL_mixed
AT2G33710,BES1_Target_BL_mixed
AT3G19540,BES1_Target_BL_mixed
AT1G25220,BES1_Target_BL_mixed
AT4G32300,BES1_Target_BL_mixed
AT2G23320,BES1_Target_BL_mixed
AT1G80840,BES1_Target_BL_mixed
AT1G77120,BES1_Target_BL_mixed
AT2G46310,BES1_Target_BL_mixed
AT3G61680,BES1_Target_BL_mixed
AT4G39090,BES1_Target_BL_mixed
AT1G10460,BES1_Target_BL_mixed
AT3G08030,BES1_Target_BL_mixed
AT4G23060,BES1_Target_BL_mixed
AT2G32560,BES1_Target_BL_mixed
AT1G75500,BES1_Target_BL_mixed
AT4G36380,BES1_Target_BL_mixed
AT3G18490,BES1_Target_BL_mixed
AT5G37260,BES1_Target_BL_mixed
AT1G26920,BES1_Target_BL_mixed
AT1G69850,BES1_Target_BL_mixed
AT2G15620,BES1_Target_BL_mixed
AT4G30350,BES1_Target_BL_mixed
AT5G14120,BES1_Target_BL_mixed
AT3G62830,BES1_Target_BL_mixed
AT5G53760,BES1_Target_BL_mixed
AT5G45100,BES1_Target_BL_mixed
AT3G54950,BES1_Target_BL_mixed
AT1G23080,BES1_Target_BL_mixed
AT5G11670,BES1_Target_BL_mixed
AT1G17380,BES1_Target_BL_mixed
AT3G12920,BES1_Target_BL_mixed
AT4G16780,BES1_Target_BL_mixed
AT5G12930,BES1_Target_BL_mixed
AT1G76240,BES1_Target_BL_mixed
AT5G62350,BES1_Target_BL_mixed
AT5G04120,BES1_Target_BL_mixed
AT1G79700,BES1_Target_BL_mixed
AT1G55110,BES1_Target_BL_mixed
AT5G15740,BES1_Target_BL_mixed