gene,phase
AT2G23320,Enriched_G2M
AT4G17340,Enriched_G2M
AT5G27420,Enriched_G2M
AT5G54290,Enriched_G2M
AT5G08240,Enriched_G2M
AT5G06980,Enriched_G2M
AT5G03230,Enriched_G2M
AT5G01700,Enriched_G2M
AT3G52400,Enriched_G2M
AT3G49780,Enriched_G2M
AT4G36150,Enriched_G2M
AT4G28703,Enriched_G2M
AT4G28290,Enriched_G2M
AT4G03010,Enriched_G2M
AT1G51680,Enriched_G2M
AT3G18560,Enriched_G2M
AT3G26920,Enriched_G2M
AT2G38640,Enriched_G2M
AT3G02830,Enriched_G2M
AT3G09910,Enriched_G2M
AT3G05430,Enriched_G2M
AT1G19020,Enriched_G2M
AT1G06840,Enriched_G2M
AT1G07500,Enriched_G2M
AT1G07870,Enriched_G2M
AT1G59590,Enriched_G2M
AT1G21000,Enriched_G2M
AT2G17220,Enriched_G2M
AT2G36050,Enriched_G2M
AT2G42760,Enriched_G2M
AT1G03470,Enriched_G2M
AT1G77060,Enriched_G2M
AT1G30860,Enriched_G2M
AT2G20110,Enriched_G2M
AT2G32150,Enriched_G2M
AT2G29650,Enriched_G2M
AT2G46830,Enriched_G2M
AT2G44130,Enriched_G2M
AT2G26330,Enriched_G2M
AT1G67810,Enriched_G2M
AT5G61600,Enriched_G2M
AT5G56780,Enriched_G2M
AT5G17300,Enriched_G2M
AT4G38225,Enriched_G2M
AT1G60610,Enriched_G2M
AT2G38400,Enriched_G2M
AT5G19490,Enriched_G2M
AT5G65580,Enriched_G2M
AT5G64100,Enriched_G2M
AT5G54300,Enriched_G2M
AT5G37260,Enriched_G2M
AT5G05180,Enriched_G2M
AT5G02540,Enriched_G2M
AT3G57540,Enriched_G2M
AT3G55580,Enriched_G2M
AT3G51910,Enriched_G2M
AT4G39590,Enriched_G2M
AT3G13100,Enriched_G2M
AT3G27730,Enriched_G2M
AT3G07940,Enriched_G2M
AT1G53560,Enriched_G2M
AT1G33860,Enriched_G2M
AT1G75750,Enriched_G2M
AT1G27290,Enriched_G2M
AT2G16720,Enriched_G2M
AT2G27830,Enriched_G2M
AT3G43160,Enriched_G2M
AT1G35340,Enriched_G2M
AT2G23340,Enriched_G2M
AT1G08410,Enriched_G2M
AT5G08360,Enriched_G2M
AT5G66800,Enriched_G2M
AT5G51080,Enriched_G2M
AT5G47240,Enriched_G2M
AT5G18140,Enriched_G2M
AT5G06280,Enriched_G2M
AT5G04720,Enriched_G2M
AT5G01075,Enriched_G2M
AT3G62000,Enriched_G2M
AT3G59940,Enriched_G2M
AT3G54500,Enriched_G2M
AT3G48900,Enriched_G2M
AT4G31450,Enriched_G2M
AT4G18490,Enriched_G2M
AT4G13030,Enriched_G2M
AT4G11330,Enriched_G2M
AT4G01070,Enriched_G2M
AT3G12320,Enriched_G2M
AT3G24070,Enriched_G2M
AT3G20620,Enriched_G2M
AT3G19470,Enriched_G2M
AT3G04350,Enriched_G2M
AT3G07350,Enriched_G2M
AT1G02490,Enriched_G2M
AT1G17480,Enriched_G2M
AT1G19980,Enriched_G2M
AT1G71720,Enriched_G2M
AT1G31350,Enriched_G2M
AT2G03730,Enriched_G2M
AT1G70290,Enriched_G2M
AT1G12070,Enriched_G2M
AT1G10140,Enriched_G2M
AT2G25450,Enriched_G2M
AT2G37450,Enriched_G2M
AT2G38470,Enriched_G2M
AT5G27440,Enriched_G2M
AT5G54730,Enriched_G2M
AT5G44260,Enriched_G2M
AT5G18570,Enriched_G2M
AT5G17820,Enriched_G2M
AT4G17900,Enriched_G2M
AT1G74410,Enriched_G2M
AT2G03060,Enriched_G2M
---,Enriched_G2M
AT2G26470,Enriched_G2M
AT2G40830,Enriched_G2M
AT2G41520,Enriched_G2M
AT2G47420,Enriched_G2M
AT5G12480,Enriched_G2M
AT2G47540,Enriched_G2M
AT2G47500,Enriched_G2M
AT1G67780,Enriched_G2M
AT4G14150,Enriched_G2M
AT4G15550,Enriched_G2M
AT4G16100,Enriched_G2M
AT4G15140,Enriched_G2M
AT4G14930,Enriched_G2M
AT4G15830,Enriched_G2M
AT4G17600,Enriched_G2M
AT4G14010,Enriched_G2M
AT4G17610,Enriched_G2M
AT4G17240,Enriched_G2M
AT4G16630,Enriched_G2M
AT4G16700,Enriched_G2M
AT4G17000,Enriched_G2M
AT4G15730,Enriched_G2M
AT4G15850,Enriched_G2M
AT4G15570,Enriched_G2M
AT4G15230,Enriched_G2M
AT4G14790,Enriched_G2M
AT4G14330,Enriched_G2M
AT4G14490,Enriched_G2M
AT1G28210,Enriched_G2M
AT1G56670,Enriched_G2M
AT5G04320,Enriched_G2M
AT1G44110,Enriched_G2M
AT1G32240,Enriched_G2M
AT1G32200,Enriched_G2M
AT1G32160,Enriched_G2M
AT1G49910,Enriched_G2M
AT1G26270,Enriched_G2M
AT5G09420,Enriched_G2M
AT5G09380,Enriched_G2M
AT5G09290,Enriched_G2M
AT5G19830,Enriched_G2M
AT5G13100,Enriched_G2M
AT5G13090,Enriched_G2M
AT5G21160,Enriched_G2M
AT5G19290,Enriched_G2M
AT5G08380,Enriched_G2M
AT5G08420,Enriched_G2M
AT4G36730,Enriched_G2M
AT4G37180,Enriched_G2M
AT4G36520,Enriched_G2M
AT4G37170,Enriched_G2M
AT4G37260,Enriched_G2M
AT1G31810,Enriched_G2M
AT1G31860,Enriched_G2M
AT4G37110,Enriched_G2M
AT4G36580,Enriched_G2M
AT1G58150,Enriched_G2M
AT5G17160,Enriched_G2M
AT5G17400,Enriched_G2M
AT5G16710,Enriched_G2M
AT5G16750,Enriched_G2M
AT5G16190,Enriched_G2M
AT5G16250,Enriched_G2M
AT5G15740,Enriched_G2M
AT5G15510,Enriched_G2M
AT5G15550,Enriched_G2M
AT1G31650,Enriched_G2M
AT5G14750,Enriched_G2M
AT5G33300,Enriched_G2M
AT5G27660,Enriched_G2M
AT5G27560,Enriched_G2M
AT5G27750,Enriched_G2M
AT5G27330,Enriched_G2M
AT5G27400,Enriched_G2M
AT5G27550,Enriched_G2M
AT5G27410,Enriched_G2M
AT5G26670,Enriched_G2M
AT5G25900,Enriched_G2M
AT5G26110,Enriched_G2M
AT5G25590,Enriched_G2M
AT5G25570,Enriched_G2M
AT5G25800,Enriched_G2M
AT5G25090,Enriched_G2M
AT5G25380,Enriched_G2M
AT5G67300,Enriched_G2M
AT5G67630,Enriched_G2M
AT5G67030,Enriched_G2M
AT5G67250,Enriched_G2M
AT5G67270,Enriched_G2M
AT5G66770,Enriched_G2M
AT5G66820,Enriched_G2M
AT5G66230,Enriched_G2M
AT5G66170,Enriched_G2M
AT5G66210,Enriched_G2M
AT5G65685,Enriched_G2M
AT5G65490,Enriched_G2M
AT5G65210,Enriched_G2M
AT5G64840,Enriched_G2M
AT5G64940,Enriched_G2M
AT5G64600,Enriched_G2M
AT5G64710,Enriched_G2M
AT5G64080,Enriched_G2M
AT5G64420,Enriched_G2M
AT5G64260,Enriched_G2M
AT5G63950,Enriched_G2M
AT5G63990,Enriched_G2M
AT5G64170,Enriched_G2M
AT5G63135,Enriched_G2M
AT5G63380,Enriched_G2M
AT5G62550,Enriched_G2M
AT5G62710,Enriched_G2M
AT5G62170,Enriched_G2M
AT5G62130,Enriched_G2M
AT5G61770,Enriched_G2M
AT5G61410,Enriched_G2M
AT5G61060,Enriched_G2M
AT5G61190,Enriched_G2M
AT5G61330,Enriched_G2M
AT5G60680,Enriched_G2M
AT5G60840,Enriched_G2M
AT5G60930,Enriched_G2M
AT5G60030,Enriched_G2M
AT5G60150,Enriched_G2M
AT5G59980,Enriched_G2M
AT5G59740,Enriched_G2M
AT5G59450,Enriched_G2M
AT5G59440,Enriched_G2M
AT5G59240,Enriched_G2M
AT5G58690,Enriched_G2M
AT5G58370,Enriched_G2M
AT5G57910,Enriched_G2M
AT5G58070,Enriched_G2M
AT5G57920,Enriched_G2M
AT5G57980,Enriched_G2M
AT5G57420,Enriched_G2M
AT5G57610,Enriched_G2M
AT5G57660,Enriched_G2M
AT5G57655,Enriched_G2M
AT5G57280,Enriched_G2M
AT5G57100,Enriched_G2M
AT5G56580,Enriched_G2M
AT5G56790,Enriched_G2M
AT5G56910,Enriched_G2M
AT5G55820,Enriched_G2M
AT5G55830,Enriched_G2M
AT5G55520,Enriched_G2M
AT5G55400,Enriched_G2M
AT5G55130,Enriched_G2M
AT5G54840,Enriched_G2M
AT5G54880,Enriched_G2M
AT5G54180,Enriched_G2M
AT5G53900,Enriched_G2M
AT5G53200,Enriched_G2M
AT5G53290,Enriched_G2M
AT5G52850,Enriched_G2M
AT5G52820,Enriched_G2M
AT5G52420,Enriched_G2M
AT5G52170,Enriched_G2M
AT5G51820,Enriched_G2M
AT5G51910,Enriched_G2M
AT5G52070,Enriched_G2M
AT5G51600,Enriched_G2M
AT5G51380,Enriched_G2M
AT5G50720,Enriched_G2M
AT5G50740,Enriched_G2M
AT5G50350,Enriched_G2M
AT5G49280,Enriched_G2M
AT5G49560,Enriched_G2M
AT5G48790,Enriched_G2M
AT5G48970,Enriched_G2M
AT5G48460,Enriched_G2M
AT5G48650,Enriched_G2M
AT5G48720,Enriched_G2M
AT5G48220,Enriched_G2M
AT5G48310,Enriched_G2M
AT5G48470,Enriched_G2M
AT5G47980,Enriched_G2M
AT5G47990,Enriched_G2M
AT5G48000,Enriched_G2M
AT5G48100,Enriched_G2M
AT5G48030,Enriched_G2M
AT5G48170,Enriched_G2M
AT5G47640,Enriched_G2M
AT5G47390,Enriched_G2M
AT5G47180,Enriched_G2M
AT5G46910,Enriched_G2M
AT5G47110,Enriched_G2M
AT5G46550,Enriched_G2M
AT5G46840,Enriched_G2M
AT5G46460,Enriched_G2M
AT5G46250,Enriched_G2M
AT5G45760,Enriched_G2M
AT5G45920,Enriched_G2M
AT5G45780,Enriched_G2M
AT5G45700,Enriched_G2M
AT5G45140,Enriched_G2M
AT5G44650,Enriched_G2M
AT5G44460,Enriched_G2M
AT5G44560,Enriched_G2M
AT5G44210,Enriched_G2M
AT5G43720,Enriched_G2M
AT5G42480,Enriched_G2M
AT5G42540,Enriched_G2M
AT5G42370,Enriched_G2M
AT5G42700,Enriched_G2M
AT5G42050,Enriched_G2M
AT5G41960,Enriched_G2M
AT5G40840,Enriched_G2M
AT5G41070,Enriched_G2M
AT5G40740,Enriched_G2M
AT5G40490,Enriched_G2M
AT5G40540,Enriched_G2M
AT5G40640,Enriched_G2M
AT5G40320,Enriched_G2M
AT5G40330,Enriched_G2M
AT5G39660,Enriched_G2M
AT5G39840,Enriched_G2M
AT5G38720,Enriched_G2M
AT5G38290,Enriched_G2M
AT5G38300,Enriched_G2M
AT5G37580,Enriched_G2M
AT5G37010,Enriched_G2M
AT5G35560,Enriched_G2M
AT5G24620,Enriched_G2M
AT5G24610,Enriched_G2M
AT5G24310,Enriched_G2M
AT5G23910,Enriched_G2M
AT5G23840,Enriched_G2M
AT5G23820,Enriched_G2M
AT5G23690,Enriched_G2M
AT5G23380,Enriched_G2M
AT5G23310,Enriched_G2M
AT5G23330,Enriched_G2M
AT5G23400,Enriched_G2M
AT5G22840,Enriched_G2M
AT5G23070,Enriched_G2M
AT5G22320,Enriched_G2M
AT5G19120,Enriched_G2M
AT5G22340,Enriched_G2M
AT5G22290,Enriched_G2M
AT5G18310,Enriched_G2M
AT5G18150,Enriched_G2M
AT5G18200,Enriched_G2M
AT5G18170,Enriched_G2M
AT5G17710,Enriched_G2M
AT5G17270,Enriched_G2M
AT5G17230,Enriched_G2M
AT5G16570,Enriched_G2M
AT5G16290,Enriched_G2M
AT5G16560,Enriched_G2M
AT5G14640,Enriched_G2M
AT5G14660,Enriched_G2M
AT5G14600,Enriched_G2M
AT5G15170,Enriched_G2M
AT5G14420,Enriched_G2M
AT5G14000,Enriched_G2M
AT5G13830,Enriched_G2M
AT5G13840,Enriched_G2M
AT5G13470,Enriched_G2M
AT5G13330,Enriched_G2M
AT5G13280,Enriched_G2M
AT5G12220,Enriched_G2M
AT5G12080,Enriched_G2M
AT5G11780,Enriched_G2M
AT5G11790,Enriched_G2M
AT5G11950,Enriched_G2M
AT5G11300,Enriched_G2M
AT5G11450,Enriched_G2M
AT5G11460,Enriched_G2M
AT5G11510,Enriched_G2M
AT5G10930,Enriched_G2M
AT5G11010,Enriched_G2M
AT5G11240,Enriched_G2M
AT5G10240,Enriched_G2M
AT5G09790,Enriched_G2M
AT5G09840,Enriched_G2M
AT5G09570,Enriched_G2M
AT5G08600,Enriched_G2M
AT5G08610,Enriched_G2M
AT5G08650,Enriched_G2M
AT5G08620,Enriched_G2M
AT5G07950,Enriched_G2M
AT5G07810,Enriched_G2M
AT5G07360,Enriched_G2M
AT5G07040,Enriched_G2M
AT5G06860,Enriched_G2M
AT5G06800,Enriched_G2M
AT5G06180,Enriched_G2M
AT5G06210,Enriched_G2M
AT5G06480,Enriched_G2M
AT5G05740,Enriched_G2M
AT5G05990,Enriched_G2M
AT5G05540,Enriched_G2M
AT5G05080,Enriched_G2M
AT5G05200,Enriched_G2M
AT5G04770,Enriched_G2M
AT5G03870,Enriched_G2M
AT5G03650,Enriched_G2M
AT5G03780,Enriched_G2M
AT5G03240,Enriched_G2M
AT5G02840,Enriched_G2M
AT5G03050,Enriched_G2M
AT5G02290,Enriched_G2M
AT5G02150,Enriched_G2M
AT5G02240,Enriched_G2M
AT5G02370,Enriched_G2M
AT5G01840,Enriched_G2M
AT5G01910,Enriched_G2M
AT5G02010,Enriched_G2M
AT5G01450,Enriched_G2M
AT5G01470,Enriched_G2M
AT3G63510,Enriched_G2M
AT5G01090,Enriched_G2M
AT3G63130,Enriched_G2M
AT3G62130,Enriched_G2M
AT3G61760,Enriched_G2M
AT3G61150,Enriched_G2M
AT3G61610,Enriched_G2M
AT3G61530,Enriched_G2M
AT3G61430,Enriched_G2M
AT3G60690,Enriched_G2M
AT3G60640,Enriched_G2M
AT3G60900,Enriched_G2M
AT3G60590,Enriched_G2M
AT3G60300,Enriched_G2M
AT3G59670,Enriched_G2M
AT3G59490,Enriched_G2M
AT3G59040,Enriched_G2M
AT3G59430,Enriched_G2M
AT3G58650,Enriched_G2M
AT3G58470,Enriched_G2M
AT3G58710,Enriched_G2M
AT3G57810,Enriched_G2M
AT3G57880,Enriched_G2M
AT3G58100,Enriched_G2M
AT3G57860,Enriched_G2M
AT3G57930,Enriched_G2M
AT3G57950,Enriched_G2M
AT3G57530,Enriched_G2M
AT3G57450,Enriched_G2M
AT3G57160,Enriched_G2M
AT3G57060,Enriched_G2M
AT3G56360,Enriched_G2M
AT3G56120,Enriched_G2M
AT3G56100,Enriched_G2M
AT3G56330,Enriched_G2M
AT3G56240,Enriched_G2M
AT3G55690,Enriched_G2M
AT3G55660,Enriched_G2M
AT3G55390,Enriched_G2M
AT3G54970,Enriched_G2M
AT3G55050,Enriched_G2M
AT3G55060,Enriched_G2M
AT3G55080,Enriched_G2M
AT3G54630,Enriched_G2M
AT3G53940,Enriched_G2M
AT3G53540,Enriched_G2M
AT3G53420,Enriched_G2M
AT3G53320,Enriched_G2M
AT3G52610,Enriched_G2M
AT3G52800,Enriched_G2M
AT3G52950,Enriched_G2M
AT3G52920,Enriched_G2M
AT3G52060,Enriched_G2M
AT3G52470,Enriched_G2M
AT3G51750,Enriched_G2M
AT3G51720,Enriched_G2M
AT3G51740,Enriched_G2M
AT3G52110,Enriched_G2M
AT3G51530,Enriched_G2M
AT3G50790,Enriched_G2M
AT3G51270,Enriched_G2M
AT3G51280,Enriched_G2M
AT3G51290,Enriched_G2M
AT3G50700,Enriched_G2M
AT3G50340,Enriched_G2M
AT3G49940,Enriched_G2M
AT3G49990,Enriched_G2M
AT3G49250,Enriched_G2M
AT3G49320,Enriched_G2M
AT3G49240,Enriched_G2M
AT3G48700,Enriched_G2M
AT3G48210,Enriched_G2M
AT3G48070,Enriched_G2M
AT3G48040,Enriched_G2M
AT3G47460,Enriched_G2M
AT3G47490,Enriched_G2M
AT3G47550,Enriched_G2M
AT3G47470,Enriched_G2M
AT3G47000,Enriched_G2M
AT3G47010,Enriched_G2M
AT3G46620,Enriched_G2M
AT3G46210,Enriched_G2M
AT3G45770,Enriched_G2M
AT3G46020,Enriched_G2M
AT3G45050,Enriched_G2M
AT3G45310,Enriched_G2M
AT3G44735,Enriched_G2M
AT3G44050,Enriched_G2M
AT3G43700,Enriched_G2M
AT3G43920,Enriched_G2M
AT3G43210,Enriched_G2M
AT3G42860,Enriched_G2M
AT4G39955,Enriched_G2M
AT4G40000,Enriched_G2M
AT4G39630,Enriched_G2M
AT4G38960,Enriched_G2M
AT4G38380,Enriched_G2M
AT4G38440,Enriched_G2M
AT4G38470,Enriched_G2M
AT4G38540,Enriched_G2M
AT4G37870,Enriched_G2M
AT4G37450,Enriched_G2M
AT4G37490,Enriched_G2M
AT4G36180,Enriched_G2M
AT4G35560,Enriched_G2M
AT4G35620,Enriched_G2M
AT4G35730,Enriched_G2M
AT4G35750,Enriched_G2M
AT4G34350,Enriched_G2M
AT4G34240,Enriched_G2M
AT4G34500,Enriched_G2M
AT4G34730,Enriched_G2M
AT4G34360,Enriched_G2M
AT4G34000,Enriched_G2M
AT4G34150,Enriched_G2M
AT4G33940,Enriched_G2M
AT4G33400,Enriched_G2M
AT4G32940,Enriched_G2M
AT4G33200,Enriched_G2M
AT4G32870,Enriched_G2M
AT4G32830,Enriched_G2M
AT4G32420,Enriched_G2M
AT4G32520,Enriched_G2M
AT4G32050,Enriched_G2M
AT4G32320,Enriched_G2M
AT4G32350,Enriched_G2M
AT4G31840,Enriched_G2M
AT4G31290,Enriched_G2M
AT4G30950,Enriched_G2M
AT4G31120,Enriched_G2M
AT4G31250,Enriched_G2M
AT4G30340,Enriched_G2M
AT4G30810,Enriched_G2M
AT4G30280,Enriched_G2M
AT4G30130,Enriched_G2M
AT4G29900,Enriched_G2M
AT4G29220,Enriched_G2M
AT4G29000,Enriched_G2M
AT4G28950,Enriched_G2M
AT4G28820,Enriched_G2M
AT4G28830,Enriched_G2M
AT4G28430,Enriched_G2M
AT4G28450,Enriched_G2M
AT4G28640,Enriched_G2M
AT4G28230,Enriched_G2M
AT4G28300,Enriched_G2M
AT4G28240,Enriched_G2M
AT4G28250,Enriched_G2M
AT4G27940,Enriched_G2M
AT4G27830,Enriched_G2M
AT4G28020,Enriched_G2M
AT4G27600,Enriched_G2M
AT4G27410,Enriched_G2M
AT4G27660,Enriched_G2M
AT4G27370,Enriched_G2M
AT4G26860,Enriched_G2M
AT4G26480,Enriched_G2M
AT4G26600,Enriched_G2M
AT4G26660,Enriched_G2M
AT4G26110,Enriched_G2M
AT4G25880,Enriched_G2M
AT4G24880,Enriched_G2M
AT4G24610,Enriched_G2M
AT4G24240,Enriched_G2M
AT4G23910,Enriched_G2M
AT4G24175,Enriched_G2M
AT4G23570,Enriched_G2M
AT4G23800,Enriched_G2M
AT4G23750,Enriched_G2M
AT4G23540,Enriched_G2M
AT4G23270,Enriched_G2M
AT4G23440,Enriched_G2M
AT4G23510,Enriched_G2M
AT4G22850,Enriched_G2M
AT4G22720,Enriched_G2M
AT4G22820,Enriched_G2M
AT4G22860,Enriched_G2M
AT4G22120,Enriched_G2M
AT4G21820,Enriched_G2M
AT4G21860,Enriched_G2M
AT4G21590,Enriched_G2M
AT4G21270,Enriched_G2M
AT4G20020,Enriched_G2M
AT4G19710,Enriched_G2M
AT4G19130,Enriched_G2M
AT4G19400,Enriched_G2M
AT4G18700,Enriched_G2M
AT4G18570,Enriched_G2M
AT4G18130,Enriched_G2M
AT4G13750,Enriched_G2M
AT4G13330,Enriched_G2M
AT4G12720,Enriched_G2M
AT4G12790,Enriched_G2M
AT4G13070,Enriched_G2M
AT4G13010,Enriched_G2M
AT4G12740,Enriched_G2M
AT4G12420,Enriched_G2M
AT4G12540,Enriched_G2M
AT4G11970,Enriched_G2M
AT4G11640,Enriched_G2M
AT4G11550,Enriched_G2M
AT4G11240,Enriched_G2M
AT4G11080,Enriched_G2M
AT4G10040,Enriched_G2M
AT4G10090,Enriched_G2M
AT4G08950,Enriched_G2M
AT4G08790,Enriched_G2M
AT4G05410,Enriched_G2M
AT4G05520,Enriched_G2M
AT4G05070,Enriched_G2M
AT4G05190,Enriched_G2M
AT4G04940,Enriched_G2M
AT4G04350,Enriched_G2M
AT4G03610,Enriched_G2M
AT4G03100,Enriched_G2M
AT4G03260,Enriched_G2M
AT4G02790,Enriched_G2M
AT4G02820,Enriched_G2M
AT4G02800,Enriched_G2M
AT4G02600,Enriched_G2M
AT4G02390,Enriched_G2M
AT4G02200,Enriched_G2M
AT4G02150,Enriched_G2M
AT4G02020,Enriched_G2M
AT4G02120,Enriched_G2M
AT4G01860,Enriched_G2M
AT4G01960,Enriched_G2M
AT4G01990,Enriched_G2M
AT4G02050,Enriched_G2M
AT4G01730,Enriched_G2M
AT4G00730,Enriched_G2M
AT4G00900,Enriched_G2M
AT4G00690,Enriched_G2M
AT4G00480,Enriched_G2M
AT4G00200,Enriched_G2M
AT1G25560,Enriched_G2M
AT2G33590,Enriched_G2M
AT2G33560,Enriched_G2M
AT2G33430,Enriched_G2M
AT2G40570,Enriched_G2M
AT1G67080,Enriched_G2M
AT2G30320,Enriched_G2M
AT2G30350,Enriched_G2M
AT1G20300,Enriched_G2M
AT1G18040,Enriched_G2M
AT1G22190,Enriched_G2M
AT1G19240,Enriched_G2M
AT1G34160,Enriched_G2M
AT1G34110,Enriched_G2M
AT1G18060,Enriched_G2M
AT1G13750,Enriched_G2M
AT1G18180,Enriched_G2M
AT1G55110,Enriched_G2M
AT1G30090,Enriched_G2M
AT1G50840,Enriched_G2M
AT1G56280,Enriched_G2M
AT3G12300,Enriched_G2M
AT3G12270,Enriched_G2M
AT1G69526,Enriched_G2M
AT1G30400,Enriched_G2M
AT1G72040,Enriched_G2M
AT1G54960,Enriched_G2M
AT1G66470,Enriched_G2M
AT1G66510,Enriched_G2M
AT1G66800,Enriched_G2M
AT1G66750,Enriched_G2M
AT3G06110,Enriched_G2M
AT3G11220,Enriched_G2M
AT1G33500,Enriched_G2M
AT1G33540,Enriched_G2M
AT1G31460,Enriched_G2M
AT3G18850,Enriched_G2M
AT3G18880,Enriched_G2M
AT3G52170,Enriched_G2M
AT2G34140,Enriched_G2M
AT3G13690,Enriched_G2M
AT3G13780,Enriched_G2M
AT3G13740,Enriched_G2M
AT3G23890,Enriched_G2M
AT3G21140,Enriched_G2M
AT3G21110,Enriched_G2M
AT3G14190,Enriched_G2M
AT3G19590,Enriched_G2M
AT3G19720,Enriched_G2M
AT3G15240,Enriched_G2M
AT3G20140,Enriched_G2M
AT3G20150,Enriched_G2M
AT3G20020,Enriched_G2M
AT3G20060,Enriched_G2M
AT3G12870,Enriched_G2M
AT3G24430,Enriched_G2M
AT3G13150,Enriched_G2M
AT3G27890,Enriched_G2M
AT3G15060,Enriched_G2M
AT3G15560,Enriched_G2M
AT3G26590,Enriched_G2M
AT2G07671,Enriched_G2M
AT1G04050,Enriched_G2M
AT1G27060,Enriched_G2M
AT1G27100,Enriched_G2M
AT1G72530,Enriched_G2M
AT3G09670,Enriched_G2M
AT3G26050,Enriched_G2M
AT3G20410,Enriched_G2M
AT3G16840,Enriched_G2M
AT3G16810,Enriched_G2M
AT3G12860,Enriched_G2M
AT3G12670,Enriched_G2M
AT3G27350,Enriched_G2M
AT3G27330,Enriched_G2M
AT3G18800,Enriched_G2M
AT3G18680,Enriched_G2M
AT3G29250,Enriched_G2M
AT3G18750,Enriched_G2M
AT3G26690,Enriched_G2M
AT3G26710,Enriched_G2M
AT3G13040,Enriched_G2M
AT3G17770,Enriched_G2M
AT3G25070,Enriched_G2M
AT3G17170,Enriched_G2M
AT3G28450,Enriched_G2M
AT3G19910,Enriched_G2M
AT3G27550,Enriched_G2M
AT3G27560,Enriched_G2M
AT3G19440,Enriched_G2M
AT3G19360,Enriched_G2M
AT3G27580,Enriched_G2M
AT3G21300,Enriched_G2M
AT3G25980,Enriched_G2M
AT3G25890,Enriched_G2M
AT3G23670,Enriched_G2M
AT3G21540,Enriched_G2M
AT3G13940,Enriched_G2M
AT3G15850,Enriched_G2M
AT3G15790,Enriched_G2M
AT3G26910,Enriched_G2M
AT3G23400,Enriched_G2M
AT3G26744,Enriched_G2M
AT3G16150,Enriched_G2M
AT3G17609,Enriched_G2M
AT3G15390,Enriched_G2M
AT3G17350,Enriched_G2M
AT3G17360,Enriched_G2M
AT3G06030,Enriched_G2M
AT3G02400,Enriched_G2M
AT3G02640,Enriched_G2M
AT3G02690,Enriched_G2M
AT3G06660,Enriched_G2M
AT3G06840,Enriched_G2M
AT3G07030,Enriched_G2M
AT3G06980,Enriched_G2M
AT3G08710,Enriched_G2M
AT3G08690,Enriched_G2M
AT3G09700,Enriched_G2M
AT3G04710,Enriched_G2M
AT3G04020,Enriched_G2M
AT3G03950,Enriched_G2M
AT3G03980,Enriched_G2M
AT3G02120,Enriched_G2M
AT3G03130,Enriched_G2M
AT3G03110,Enriched_G2M
AT3G03090,Enriched_G2M
AT3G03060,Enriched_G2M
AT3G10050,Enriched_G2M
AT3G10620,Enriched_G2M
AT3G01410,Enriched_G2M
AT3G01820,Enriched_G2M
AT3G09370,Enriched_G2M
AT3G07320,Enriched_G2M
AT3G09270,Enriched_G2M
AT3G03450,Enriched_G2M
AT3G03310,Enriched_G2M
AT3G11670,Enriched_G2M
AT3G11650,Enriched_G2M
AT3G05490,Enriched_G2M
AT3G10310,Enriched_G2M
AT3G10250,Enriched_G2M
AT3G01770,Enriched_G2M
AT3G03630,Enriched_G2M
AT3G09080,Enriched_G2M
AT3G07750,Enriched_G2M
AT3G07720,Enriched_G2M
AT3G07780,Enriched_G2M
AT3G11410,Enriched_G2M
AT3G11420,Enriched_G2M
AT3G07630,Enriched_G2M
AT3G11520,Enriched_G2M
AT3G05200,Enriched_G2M
AT3G16310,Enriched_G2M
AT1G06310,Enriched_G2M
AT1G01620,Enriched_G2M
AT1G02370,Enriched_G2M
AT1G18900,Enriched_G2M
AT1G19110,Enriched_G2M
AT1G18910,Enriched_G2M
AT1G15800,Enriched_G2M
AT1G15870,Enriched_G2M
AT1G20490,Enriched_G2M
AT1G20410,Enriched_G2M
AT1G27960,Enriched_G2M
AT1G69020,Enriched_G2M
AT1G55300,Enriched_G2M
AT1G63100,Enriched_G2M
AT1G77490,Enriched_G2M
AT1G61010,Enriched_G2M
AT1G71060,Enriched_G2M
AT1G77550,Enriched_G2M
AT1G77630,Enriched_G2M
AT1G49840,Enriched_G2M
AT1G66250,Enriched_G2M
AT1G29340,Enriched_G2M
AT1G72250,Enriched_G2M
AT1G68440,Enriched_G2M
AT1G68400,Enriched_G2M
AT1G76740,Enriched_G2M
AT1G60850,Enriched_G2M
AT1G72670,Enriched_G2M
AT1G34355,Enriched_G2M
AT1G71350,Enriched_G2M
AT1G76540,Enriched_G2M
AT1G76460,Enriched_G2M
AT1G68020,Enriched_G2M
AT1G30070,Enriched_G2M
AT1G68840,Enriched_G2M
AT1G29940,Enriched_G2M
AT1G73690,Enriched_G2M
AT1G73180,Enriched_G2M
AT1G63300,Enriched_G2M
AT1G79880,Enriched_G2M
AT1G67550,Enriched_G2M
AT1G67530,Enriched_G2M
AT1G74490,Enriched_G2M
AT1G63650,Enriched_G2M
AT1G74240,Enriched_G2M
AT1G80550,Enriched_G2M
AT1G80460,Enriched_G2M
AT1G80380,Enriched_G2M
AT1G63810,Enriched_G2M
AT1G63780,Enriched_G2M
AT1G80370,Enriched_G2M
AT1G69270,Enriched_G2M
AT1G69400,Enriched_G2M
AT1G69295,Enriched_G2M
AT1G72320,Enriched_G2M
AT1G72440,Enriched_G2M
AT1G68185,Enriched_G2M
AT1G10900,Enriched_G2M
AT1G10990,Enriched_G2M
AT2G41710,Enriched_G2M
AT1G51580,Enriched_G2M
AT2G41720,Enriched_G2M
AT2G43560,Enriched_G2M
AT2G43535,Enriched_G2M
AT1G53200,Enriched_G2M
AT1G19340,Enriched_G2M
AT1G19520,Enriched_G2M
AT1G17530,Enriched_G2M
AT1G17580,Enriched_G2M
AT1G15000,Enriched_G2M
AT1G78430,Enriched_G2M
AT1G78310,Enriched_G2M
AT1G06770,Enriched_G2M
AT1G06720,Enriched_G2M
AT1G21880,Enriched_G2M
AT1G02690,Enriched_G2M
AT1G06110,Enriched_G2M
AT1G06130,Enriched_G2M
AT1G06040,Enriched_G2M
AT1G01225,Enriched_G2M
AT1G01320,Enriched_G2M
AT1G07590,Enriched_G2M
AT1G19600,Enriched_G2M
AT1G19770,Enriched_G2M
AT1G04760,Enriched_G2M
AT1G12800,Enriched_G2M
AT1G19950,Enriched_G2M
AT1G20090,Enriched_G2M
AT1G53140,Enriched_G2M
AT1G18850,Enriched_G2M
AT1G05440,Enriched_G2M
AT1G28390,Enriched_G2M
AT1G14300,Enriched_G2M
AT1G01770,Enriched_G2M
AT1G01970,Enriched_G2M
AT1G50000,Enriched_G2M
AT1G01950,Enriched_G2M
AT1G18370,Enriched_G2M
AT1G18470,Enriched_G2M
AT1G32730,Enriched_G2M
AT1G32640,Enriched_G2M
AT1G76130,Enriched_G2M
AT1G08210,Enriched_G2M
AT1G15660,Enriched_G2M
AT1G76310,Enriched_G2M
AT1G16080,Enriched_G2M
AT1G30520,Enriched_G2M
AT1G16070,Enriched_G2M
AT1G50490,Enriched_G2M
AT1G50450,Enriched_G2M
AT1G80770,Enriched_G2M
AT1G80900,Enriched_G2M
AT1G22440,Enriched_G2M
AT1G64600,Enriched_G2M
AT1G33750,Enriched_G2M
AT1G64460,Enriched_G2M
AT1G35660,Enriched_G2M
AT1G59540,Enriched_G2M
AT1G56170,Enriched_G2M
AT1G02810,Enriched_G2M
AT1G02730,Enriched_G2M
AT1G78080,Enriched_G2M
AT1G78050,Enriched_G2M
AT1G74790,Enriched_G2M
AT1G74770,Enriched_G2M
AT1G48240,Enriched_G2M
AT1G48280,Enriched_G2M
AT1G70895,Enriched_G2M
AT1G68670,Enriched_G2M
AT1G64220,Enriched_G2M
AT1G63980,Enriched_G2M
AT1G64110,Enriched_G2M
AT1G72820,Enriched_G2M
AT1G73090,Enriched_G2M
AT1G72970,Enriched_G2M
AT1G50400,Enriched_G2M
AT1G50240,Enriched_G2M
AT1G11220,Enriched_G2M
AT1G21760,Enriched_G2M
AT1G17050,Enriched_G2M
AT1G17140,Enriched_G2M
AT1G31360,Enriched_G2M
AT1G31335,Enriched_G2M
AT1G34210,Enriched_G2M
AT1G15230,Enriched_G2M
AT1G15110,Enriched_G2M
AT1G15440,Enriched_G2M
AT1G15480,Enriched_G2M
AT1G06560,Enriched_G2M
AT1G62750,Enriched_G2M
AT1G14040,Enriched_G2M
AT1G14130,Enriched_G2M
AT1G62780,Enriched_G2M
AT1G76020,Enriched_G2M
AT1G16220,Enriched_G2M
AT1G16330,Enriched_G2M
AT1G10780,Enriched_G2M
AT1G13220,Enriched_G2M
AT1G13030,Enriched_G2M
AT1G10740,Enriched_G2M
AT1G20930,Enriched_G2M
AT1G11710,Enriched_G2M
AT1G11800,Enriched_G2M
AT1G64970,Enriched_G2M
AT1G64720,Enriched_G2M
AT1G59840,Enriched_G2M
AT1G79380,Enriched_G2M
AT1G79470,Enriched_G2M
AT1G75670,Enriched_G2M
AT1G54310,Enriched_G2M
AT1G75640,Enriched_G2M
AT2G17620,Enriched_G2M
AT1G23280,Enriched_G2M
AT1G23360,Enriched_G2M
AT2G17510,Enriched_G2M
AT1G03110,Enriched_G2M
AT1G78660,Enriched_G2M
AT1G54180,Enriched_G2M
AT1G10522,Enriched_G2M
AT1G30690,Enriched_G2M
AT2G16570,Enriched_G2M
AT2G31450,Enriched_G2M
AT1G10490,Enriched_G2M
AT2G14100,Enriched_G2M
AT2G15320,Enriched_G2M
AT2G04940,Enriched_G2M
AT2G40140,Enriched_G2M
AT2G22260,Enriched_G2M
AT2G22270,Enriched_G2M
AT2G28600,Enriched_G2M
AT2G28670,Enriched_G2M
AT2G28620,Enriched_G2M
AT2G31890,Enriched_G2M
AT2G04030,Enriched_G2M
AT2G31840,Enriched_G2M
AT2G21640,Enriched_G2M
AT2G16430,Enriched_G2M
AT2G17080,Enriched_G2M
AT2G16480,Enriched_G2M
AT2G16230,Enriched_G2M
AT1G04420,Enriched_G2M
AT1G59990,Enriched_G2M
AT1G31240,Enriched_G2M
AT1G09300,Enriched_G2M
AT2G21385,Enriched_G2M
AT2G24610,Enriched_G2M
AT2G24550,Enriched_G2M
AT2G37020,Enriched_G2M
AT2G04450,Enriched_G2M
AT2G04430,Enriched_G2M
AT2G04540,Enriched_G2M
AT2G04530,Enriched_G2M
AT2G21860,Enriched_G2M
AT2G21940,Enriched_G2M
AT2G36380,Enriched_G2M
AT2G21800,Enriched_G2M
AT2G35930,Enriched_G2M
AT2G35920,Enriched_G2M
AT2G36010,Enriched_G2M
AT2G36200,Enriched_G2M
AT2G42720,Enriched_G2M
AT2G22360,Enriched_G2M
AT2G22470,Enriched_G2M
AT2G03670,Enriched_G2M
AT2G03780,Enriched_G2M
AT2G03760,Enriched_G2M
AT2G22490,Enriched_G2M
AT2G27970,Enriched_G2M
AT2G31190,Enriched_G2M
AT1G79050,Enriched_G2M
AT1G02280,Enriched_G2M
AT1G79150,Enriched_G2M
AT1G02110,Enriched_G2M
AT1G09280,Enriched_G2M
AT1G04130,Enriched_G2M
AT1G03270,Enriched_G2M
AT1G03360,Enriched_G2M
AT1G03180,Enriched_G2M
AT2G25060,Enriched_G2M
AT1G27300,Enriched_G2M
AT1G10300,Enriched_G2M
AT1G09520,Enriched_G2M
AT1G10050,Enriched_G2M
AT1G30820,Enriched_G2M
AT1G09450,Enriched_G2M
AT1G05170,Enriched_G2M
AT2G17670,Enriched_G2M
AT1G04710,Enriched_G2M
AT1G65660,Enriched_G2M
AT1G09795,Enriched_G2M
AT1G09815,Enriched_G2M
AT1G09830,Enriched_G2M
AT1G09700,Enriched_G2M
AT1G70000,Enriched_G2M
AT1G62150,Enriched_G2M
AT1G61370,Enriched_G2M
AT1G61450,Enriched_G2M
AT1G22930,Enriched_G2M
AT1G08650,Enriched_G2M
AT1G08710,Enriched_G2M
AT1G08840,Enriched_G2M
AT1G08560,Enriched_G2M
AT2G17900,Enriched_G2M
AT1G03530,Enriched_G2M
AT1G03610,Enriched_G2M
AT2G17440,Enriched_G2M
AT1G60620,Enriched_G2M
AT1G77050,Enriched_G2M
AT1G60560,Enriched_G2M
AT1G67310,Enriched_G2M
AT1G24440,Enriched_G2M
AT1G03920,Enriched_G2M
AT1G04000,Enriched_G2M
AT1G61640,Enriched_G2M
AT1G03780,Enriched_G2M
AT1G03770,Enriched_G2M
AT1G04030,Enriched_G2M
AT1G51190,Enriched_G2M
AT1G51380,Enriched_G2M
AT1G30960,Enriched_G2M
AT1G23790,Enriched_G2M
AT2G28450,Enriched_G2M
AT2G18220,Enriched_G2M
AT2G22610,Enriched_G2M
AT2G46500,Enriched_G2M
AT2G37080,Enriched_G2M
AT2G15790,Enriched_G2M
AT2G06010,Enriched_G2M
AT2G28250,Enriched_G2M
AT2G25355,Enriched_G2M
AT2G13840,Enriched_G2M
AT2G32030,Enriched_G2M
AT2G01180,Enriched_G2M
AT2G01320,Enriched_G2M
AT2G01290,Enriched_G2M
AT2G48010,Enriched_G2M
AT2G35736,Enriched_G2M
AT2G18620,Enriched_G2M
AT2G19620,Enriched_G2M
AT2G19540,Enriched_G2M
AT2G37240,Enriched_G2M
AT2G37510,Enriched_G2M
AT2G37410,Enriched_G2M
AT2G24180,Enriched_G2M
AT2G37340,Enriched_G2M
AT2G37390,Enriched_G2M
AT2G37420,Enriched_G2M
AT2G18710,Enriched_G2M
AT2G40780,Enriched_G2M
AT2G37860,Enriched_G2M
AT2G45150,Enriched_G2M
AT2G37890,Enriched_G2M
AT2G28130,Enriched_G2M
AT2G39050,Enriched_G2M
AT2G39110,Enriched_G2M
AT2G29400,Enriched_G2M
AT2G27590,Enriched_G2M
AT2G29260,Enriched_G2M
AT2G29490,Enriched_G2M
AT2G29550,Enriched_G2M
AT2G27050,Enriched_G2M
AT2G27000,Enriched_G2M
AT2G27010,Enriched_G2M
AT2G27040,Enriched_G2M
AT2G01510,Enriched_G2M
AT2G41410,Enriched_G2M
AT2G38740,Enriched_G2M
AT2G38760,Enriched_G2M
AT2G07170,Enriched_G2M
AT2G43290,Enriched_G2M
AT2G43190,Enriched_G2M
AT2G43320,Enriched_G2M
AT2G47710,Enriched_G2M
AT2G47790,Enriched_G2M
AT2G47990,Enriched_G2M
AT2G47680,Enriched_G2M
AT2G46270,Enriched_G2M
AT2G46080,Enriched_G2M
AT2G46150,Enriched_G2M
AT2G35470,Enriched_G2M
AT2G25880,Enriched_G2M
AT2G25900,Enriched_G2M
AT2G19670,Enriched_G2M
AT2G03050,Enriched_G2M
AT2G47130,Enriched_G2M
AT2G26070,Enriched_G2M
AT2G34570,Enriched_G2M
AT2G45730,Enriched_G2M
AT2G45960,Enriched_G2M
AT2G18850,Enriched_G2M
AT2G34450,Enriched_G2M
AT2G34190,Enriched_G2M
AT2G38370,Enriched_G2M
AT2G41160,Enriched_G2M
AT2G41500,Enriched_G2M
AT2G32590,Enriched_G2M
AT2G23530,Enriched_G2M
AT2G23610,Enriched_G2M
AT2G38160,Enriched_G2M
AT2G23360,Enriched_G2M
AT2G44180,Enriched_G2M
AT2G43980,Enriched_G2M
AT2G44080,Enriched_G2M
AT2G44190,Enriched_G2M
AT2G23810,Enriched_G2M
AT2G30150,Enriched_G2M
AT2G19385,Enriched_G2M
AT2G34750,Enriched_G2M
AT2G39880,Enriched_G2M
AT2G44450,Enriched_G2M
AT2G44500,Enriched_G2M
AT1G76170,Enriched_G2M
AT2G34920,Enriched_G2M
AT2G33680,Enriched_G2M
AT2G45490,Enriched_G2M
AT2G45590,Enriched_G2M
AT2G39670,Enriched_G2M
AT2G32990,Enriched_G2M
AT2G26760,Enriched_G2M
AT2G42110,Enriched_G2M
AT2G26440,Depleted_G2M
AT2G39830,Depleted_G2M
AT1G44575,Depleted_G2M
AT4G16447,Depleted_G2M
AT5G04200,Depleted_G2M
AT5G13140,Depleted_G2M
AT5G26731,Depleted_G2M
AT5G24900,Depleted_G2M
AT5G67440,Depleted_G2M
AT5G65790,Depleted_G2M
AT5G62210,Depleted_G2M
AT5G61460,Depleted_G2M
AT5G59360,Depleted_G2M
AT5G57970,Depleted_G2M
AT5G56970,Depleted_G2M
AT5G51810,Depleted_G2M
AT5G51490,Depleted_G2M
AT5G47920,Depleted_G2M
AT5G47250,Depleted_G2M
AT5G45200,Depleted_G2M
AT5G44160,Depleted_G2M
AT5G44530,Depleted_G2M
AT5G41620,Depleted_G2M
AT5G39820,Depleted_G2M
AT5G38970,Depleted_G2M
AT5G37660,Depleted_G2M
AT5G35670,Depleted_G2M
AT5G12900,Depleted_G2M
AT5G13290,Depleted_G2M
AT5G10100,Depleted_G2M
AT5G08260,Depleted_G2M
AT5G05860,Depleted_G2M
AT5G03150,Depleted_G2M
AT5G02570,Depleted_G2M
AT3G62930,Depleted_G2M
AT3G61810,Depleted_G2M
AT3G59680,Depleted_G2M
AT3G55420,Depleted_G2M
AT3G55180,Depleted_G2M
AT3G52490,Depleted_G2M
AT3G50230,Depleted_G2M
AT3G50240,Depleted_G2M
AT3G48970,Depleted_G2M
AT3G48550,Depleted_G2M
AT3G48185,Depleted_G2M
AT3G47980,Depleted_G2M
AT3G47620,Depleted_G2M
AT3G47210,Depleted_G2M
AT4G38580,Depleted_G2M
AT4G37650,Depleted_G2M
AT4G35840,Depleted_G2M
AT4G35030,Depleted_G2M
AT4G30520,Depleted_G2M
AT4G29140,Depleted_G2M
AT4G27435,Depleted_G2M
AT4G25050,Depleted_G2M
AT4G22270,Depleted_G2M
AT4G22570,Depleted_G2M
AT4G17970,Depleted_G2M
AT4G13210,Depleted_G2M
AT4G11090,Depleted_G2M
AT4G10640,Depleted_G2M
AT2G33530,Depleted_G2M
AT2G40480,Depleted_G2M
AT1G22070,Depleted_G2M
AT1G13670,Depleted_G2M
AT3G12090,Depleted_G2M
AT1G33470,Depleted_G2M
AT1G66030,Depleted_G2M
AT3G14780,Depleted_G2M
AT2G34060,Depleted_G2M
AT2G34080,Depleted_G2M
AT3G27950,Depleted_G2M
AT2G43140,Depleted_G2M
AT3G25950,Depleted_G2M
AT3G12955,Depleted_G2M
AT3G15680,Depleted_G2M
AT3G05740,Depleted_G2M
AT3G04980,Depleted_G2M
AT3G02210,Depleted_G2M
AT3G10190,Depleted_G2M
AT3G11600,Depleted_G2M
AT1G72180,Depleted_G2M
AT1G73780,Depleted_G2M
AT1G68500,Depleted_G2M
AT1G74055,Depleted_G2M
AT1G07640,Depleted_G2M
AT1G08250,Depleted_G2M
AT1G64660,Depleted_G2M
AT1G80100,Depleted_G2M
AT1G78020,Depleted_G2M
AT1G74890,Depleted_G2M
AT1G21830,Depleted_G2M
AT1G34340,Depleted_G2M
AT1G76040,Depleted_G2M
AT1G16390,Depleted_G2M
AT1G14720,Depleted_G2M
AT1G79430,Depleted_G2M
AT1G23380,Depleted_G2M
AT1G78580,Depleted_G2M
AT2G14095,Depleted_G2M
AT2G28660,Depleted_G2M
AT2G31900,Depleted_G2M
AT2G04850,Depleted_G2M
AT1G26870,Depleted_G2M
AT2G40330,Depleted_G2M
AT2G36870,Depleted_G2M
AT2G42660,Depleted_G2M
AT2G31230,Depleted_G2M
AT1G79110,Depleted_G2M
AT1G55760,Depleted_G2M
AT1G23210,Depleted_G2M
AT1G23080,Depleted_G2M
AT1G77020,Depleted_G2M
AT2G28410,Depleted_G2M
AT2G15680,Depleted_G2M
AT2G35770,Depleted_G2M
AT2G24230,Depleted_G2M
AT2G07680,Depleted_G2M
AT2G18780,Depleted_G2M
AT2G02080,Depleted_G2M
AT2G28870,Depleted_G2M
AT2G06925,Depleted_G2M
AT2G25790,Depleted_G2M
AT2G39220,Depleted_G2M
AT2G32620,Depleted_G2M
AT2G38300,Depleted_G2M
AT2G30890,Depleted_G2M
AT5G24800,Depleted_G2M
AT5G64570,Depleted_G2M
AT5G22580,Depleted_G2M
AT5G18690,Depleted_G2M
AT5G02580,Depleted_G2M
AT4G21070,Depleted_G2M
AT4G08770,Depleted_G2M
AT1G20340,Depleted_G2M
AT3G05190,Depleted_G2M
AT1G68810,Depleted_G2M
AT1G30490,Depleted_G2M
AT1G33670,Depleted_G2M
AT2G46850,Depleted_G2M
AT2G45660,Depleted_G2M
AT5G28300,Depleted_G2M
AT1G26330,Depleted_G2M
AT5G09500,Depleted_G2M
AT5G08370,Depleted_G2M
AT5G14920,Depleted_G2M
AT5G25490,Depleted_G2M
AT5G58300,Depleted_G2M
AT5G57630,Depleted_G2M
AT5G51670,Depleted_G2M
AT5G49120,Depleted_G2M
AT5G43810,Depleted_G2M
AT5G40090,Depleted_G2M
AT5G18840,Depleted_G2M
AT5G07990,Depleted_G2M
AT5G06440,Depleted_G2M
AT5G02440,Depleted_G2M
AT3G56480,Depleted_G2M
AT3G48490,Depleted_G2M
AT3G44720,Depleted_G2M
AT4G39070,Depleted_G2M
AT4G31980,Depleted_G2M
AT4G31000,Depleted_G2M
AT4G29100,Depleted_G2M
AT4G24060,Depleted_G2M
AT4G12910,Depleted_G2M
AT1G06980,Depleted_G2M
AT1G55120,Depleted_G2M
AT1G33560,Depleted_G2M
AT1G75150,Depleted_G2M
AT3G20110,Depleted_G2M
AT3G23740,Depleted_G2M
AT3G23730,Depleted_G2M
AT3G21770,Depleted_G2M
AT3G20840,Depleted_G2M
AT3G20810,Depleted_G2M
AT3G11660,Depleted_G2M
AT1G68430,Depleted_G2M
AT1G71380,Depleted_G2M
AT1G73760,Depleted_G2M
AT1G26450,Depleted_G2M
AT1G12845,Depleted_G2M
AT1G20020,Depleted_G2M
AT1G79580,Depleted_G2M
AT1G14280,Depleted_G2M
AT2G01080,Depleted_G2M
AT1G70950,Depleted_G2M
AT1G47410,Depleted_G2M
AT2G05760,Depleted_G2M
AT2G25350,Depleted_G2M
AT2G28510,Depleted_G2M
AT1G54730,Depleted_G2M
AT1G10400,Depleted_G2M
AT1G09460,Depleted_G2M
AT1G23010,Depleted_G2M
AT1G22880,Depleted_G2M
AT1G60800,Depleted_G2M
AT1G52150,Depleted_G2M
AT1G51260,Depleted_G2M
AT1G05010,Depleted_G2M
AT2G39870,Depleted_G2M
AT1G33610,Depleted_G2M
AT5G62960,Depleted_G2M
AT5G47370,Depleted_G2M
AT5G46740,Depleted_G2M
AT5G05900,Depleted_G2M
AT5G03960,Depleted_G2M
AT4G03960,Depleted_G2M
AT4G01270,Depleted_G2M
AT3G04940,Depleted_G2M
AT3G01310,Depleted_G2M
AT1G13330,Depleted_G2M
AT1G76470,Depleted_G2M
AT1G68760,Depleted_G2M
AT1G70550,Depleted_G2M
AT2G41820,Depleted_G2M
AT1G75450,Depleted_G2M
AT1G26820,Depleted_G2M
AT1G04550,Depleted_G2M
AT2G45340,Depleted_G2M
AT4G37250,Depleted_G2M
AT5G26790,Depleted_G2M
AT5G67470,Depleted_G2M
AT5G62920,Depleted_G2M
AT5G60690,Depleted_G2M
AT5G60200,Depleted_G2M
AT5G60400,Depleted_G2M
AT5G59070,Depleted_G2M
AT5G59090,Depleted_G2M
AT5G55550,Depleted_G2M
AT5G52250,Depleted_G2M
AT5G50300,Depleted_G2M
AT5G48480,Depleted_G2M
AT5G45940,Depleted_G2M
AT5G45210,Depleted_G2M
AT5G43580,Depleted_G2M
AT5G43760,Depleted_G2M
AT5G40980,Depleted_G2M
AT5G38280,Depleted_G2M
AT5G35740,Depleted_G2M
AT5G23210,Depleted_G2M
AT5G08130,Depleted_G2M
AT5G07820,Depleted_G2M
AT5G06270,Depleted_G2M
AT5G04970,Depleted_G2M
AT5G03610,Depleted_G2M
AT5G03510,Depleted_G2M
AT5G02000,Depleted_G2M
AT3G56170,Depleted_G2M
AT3G47860,Depleted_G2M
AT3G45010,Depleted_G2M
AT4G39640,Depleted_G2M
AT4G31100,Depleted_G2M
AT4G26130,Depleted_G2M
AT4G23490,Depleted_G2M
AT4G20140,Depleted_G2M
AT4G18340,Depleted_G2M
AT4G11190,Depleted_G2M
AT4G11290,Depleted_G2M
AT4G03140,Depleted_G2M
AT4G00440,Depleted_G2M
AT1G07260,Depleted_G2M
AT1G56210,Depleted_G2M
AT3G21420,Depleted_G2M
AT3G18980,Depleted_G2M
AT3G28130,Depleted_G2M
AT1G75580,Depleted_G2M
AT3G25710,Depleted_G2M
AT3G25290,Depleted_G2M
AT3G14570,Depleted_G2M
AT3G26760,Depleted_G2M
AT3G05900,Depleted_G2M
AT3G10525,Depleted_G2M
AT3G10520,Depleted_G2M
AT3G01220,Depleted_G2M
AT1G43910,Depleted_G2M
AT1G55210,Depleted_G2M
AT1G60890,Depleted_G2M
AT1G77660,Depleted_G2M
AT1G74160,Depleted_G2M
AT1G71400,Depleted_G2M
AT1G53660,Depleted_G2M
AT1G74090,Depleted_G2M
AT1G62380,Depleted_G2M
AT1G20190,Depleted_G2M
AT1G14390,Depleted_G2M
AT1G15550,Depleted_G2M
AT1G50580,Depleted_G2M
AT1G80690,Depleted_G2M
AT1G65900,Depleted_G2M
AT1G77920,Depleted_G2M
AT1G70940,Depleted_G2M
AT1G14080,Depleted_G2M
AT1G79410,Depleted_G2M
AT2G28720,Depleted_G2M
AT2G24970,Depleted_G2M
AT2G04880,Depleted_G2M
AT2G04800,Depleted_G2M
AT1G67510,Depleted_G2M
AT2G25160,Depleted_G2M
AT1G61740,Depleted_G2M
AT1G27360,Depleted_G2M
AT1G09750,Depleted_G2M
AT1G70230,Depleted_G2M
AT1G23040,Depleted_G2M
AT1G67340,Depleted_G2M
AT2G28810,Depleted_G2M
AT2G32280,Depleted_G2M
AT2G47930,Depleted_G2M
AT2G14900,Depleted_G2M
AT2G29660,Depleted_G2M
AT2G02950,Depleted_G2M
AT2G22930,Depleted_G2M
AT2G44740,Depleted_G2M
AT2G38180,Depleted_G2M
AT2G26730,Depleted_G2M
AT5G16940,Depleted_G2M
AT5G16000,Depleted_G2M
AT3G42800,Depleted_G2M
AT1G07270,Depleted_G2M
AT3G29770,Depleted_G2M
AT1G19835,Depleted_G2M
AT1G20900,Depleted_G2M
AT2G42870,Depleted_G2M
AT2G42320,Depleted_G2M
AT2G46910,Depleted_G2M
AT2G34710,Depleted_G2M
AT2G26510,Depleted_G2M
AT2G39770,Depleted_G2M
AT2G39750,Depleted_G2M
AT2G23310,Depleted_G2M
AT2G40840,Depleted_G2M
AT2G40940,Depleted_G2M
AT2G40890,Depleted_G2M
AT2G41660,Depleted_G2M
AT2G47460,Depleted_G2M
AT1G67750,Depleted_G2M
AT4G16360,Depleted_G2M
AT4G16430,Depleted_G2M
AT4G14360,Depleted_G2M
AT4G15470,Depleted_G2M
AT4G16660,Depleted_G2M
AT4G14690,Depleted_G2M
AT4G13950,Depleted_G2M
AT4G16500,Depleted_G2M
AT4G16850,Depleted_G2M
AT4G17460,Depleted_G2M
AT4G17670,Depleted_G2M
AT4G17430,Depleted_G2M
AT4G16710,Depleted_G2M
AT4G16250,Depleted_G2M
AT4G15920,Depleted_G2M
AT4G14695,Depleted_G2M
AT4G14940,Depleted_G2M
AT4G14230,Depleted_G2M
AT4G14240,Depleted_G2M
AT4G14270,Depleted_G2M
AT1G24764,Depleted_G2M
AT1G56720,Depleted_G2M
AT5G04160,Depleted_G2M
AT1G44170,Depleted_G2M
AT1G51060,Depleted_G2M
AT1G45688,Depleted_G2M
AT1G46264,Depleted_G2M
AT1G58440,Depleted_G2M
AT5G24760,Depleted_G2M
AT5G19570,Depleted_G2M
AT5G20700,Depleted_G2M
AT5G20650,Depleted_G2M
AT5G08415,Depleted_G2M
AT5G21070,Depleted_G2M
AT5G08280,Depleted_G2M
AT5G08350,Depleted_G2M
AT5G20280,Depleted_G2M
AT5G28640,Depleted_G2M
AT5G20850,Depleted_G2M
AT5G20960,Depleted_G2M
AT5G19980,Depleted_G2M
AT4G36760,Depleted_G2M
AT4G37160,Depleted_G2M
AT4G37080,Depleted_G2M
AT4G36640,Depleted_G2M
AT1G31812,Depleted_G2M
AT4G36620,Depleted_G2M
AT1G31850,Depleted_G2M
AT3G56870,Depleted_G2M
AT3G56720,Depleted_G2M
AT1G51940,Depleted_G2M
AT1G57620,Depleted_G2M
AT1G77330,Depleted_G2M
AT1G57590,Depleted_G2M
AT1G57680,Depleted_G2M
AT5G17050,Depleted_G2M
AT5G16730,Depleted_G2M
AT5G15910,Depleted_G2M
AT5G16150,Depleted_G2M
AT5G15490,Depleted_G2M
AT5G15770,Depleted_G2M
AT5G15050,Depleted_G2M
AT5G15470,Depleted_G2M
AT5G15580,Depleted_G2M
AT5G14950,Depleted_G2M
AT5G35160,Depleted_G2M
AT5G28020,Depleted_G2M
AT5G27670,Depleted_G2M
AT5G27490,Depleted_G2M
AT5G27430,Depleted_G2M
AT5G26940,Depleted_G2M
AT5G26780,Depleted_G2M
AT5G27000,Depleted_G2M
AT5G25770,Depleted_G2M
AT5G25830,Depleted_G2M
AT5G25460,Depleted_G2M
AT5G67280,Depleted_G2M
AT5G67360,Depleted_G2M
AT5G67600,Depleted_G2M
AT5G67100,Depleted_G2M
AT5G67130,Depleted_G2M
AT5G67070,Depleted_G2M
AT5G66920,Depleted_G2M
AT5G66590,Depleted_G2M
AT5G66280,Depleted_G2M
AT5G66460,Depleted_G2M
AT5G66060,Depleted_G2M
AT5G65640,Depleted_G2M
AT5G65810,Depleted_G2M
AT5G65450,Depleted_G2M
AT5G65390,Depleted_G2M
AT5G65360,Depleted_G2M
AT5G65380,Depleted_G2M
AT5G65270,Depleted_G2M
AT5G64850,Depleted_G2M
AT5G64560,Depleted_G2M
AT5G64740,Depleted_G2M
AT5G64330,Depleted_G2M
AT5G64030,Depleted_G2M
AT5G63530,Depleted_G2M
AT5G63660,Depleted_G2M
AT5G63760,Depleted_G2M
AT5G63650,Depleted_G2M
AT5G63800,Depleted_G2M
AT5G63410,Depleted_G2M
AT5G62740,Depleted_G2M
AT5G62580,Depleted_G2M
AT5G62670,Depleted_G2M
AT5G62200,Depleted_G2M
AT5G62330,Depleted_G2M
AT5G61790,Depleted_G2M
AT5G61840,Depleted_G2M
AT5G61380,Depleted_G2M
AT5G60920,Depleted_G2M
AT5G61240,Depleted_G2M
AT5G60890,Depleted_G2M
AT5G61000,Depleted_G2M
AT5G60460,Depleted_G2M
AT5G60520,Depleted_G2M
AT5G59870,Depleted_G2M
AT5G59910,Depleted_G2M
AT5G59890,Depleted_G2M
AT5G59420,Depleted_G2M
AT5G59800,Depleted_G2M
AT5G59410,Depleted_G2M
AT5G58900,Depleted_G2M
AT5G58600,Depleted_G2M
AT5G58060,Depleted_G2M
AT5G57460,Depleted_G2M
AT5G57110,Depleted_G2M
AT5G56740,Depleted_G2M
AT5G56350,Depleted_G2M
AT5G56320,Depleted_G2M
AT5G55630,Depleted_G2M
AT5G55640,Depleted_G2M
AT5G56040,Depleted_G2M
AT5G55730,Depleted_G2M
AT5G54830,Depleted_G2M
AT5G54970,Depleted_G2M
AT5G54640,Depleted_G2M
AT5G53140,Depleted_G2M
AT5G53420,Depleted_G2M
AT5G53020,Depleted_G2M
AT5G53160,Depleted_G2M
AT5G52220,Depleted_G2M
AT5G52280,Depleted_G2M
AT5G51500,Depleted_G2M
AT5G51550,Depleted_G2M
AT5G50370,Depleted_G2M
AT5G50420,Depleted_G2M
AT5G49945,Depleted_G2M
AT5G50020,Depleted_G2M
AT5G50180,Depleted_G2M
AT5G50210,Depleted_G2M
AT5G50200,Depleted_G2M
AT5G49720,Depleted_G2M
AT5G49160,Depleted_G2M
AT5G49460,Depleted_G2M
AT5G49010,Depleted_G2M
AT5G48450,Depleted_G2M
AT5G47780,Depleted_G2M
AT5G47540,Depleted_G2M
AT5G47820,Depleted_G2M
AT5G47870,Depleted_G2M
AT5G47490,Depleted_G2M
AT5G47500,Depleted_G2M
AT5G47520,Depleted_G2M
AT5G47060,Depleted_G2M
AT5G46850,Depleted_G2M
AT5G46700,Depleted_G2M
AT5G46790,Depleted_G2M
AT5G46230,Depleted_G2M
AT5G46280,Depleted_G2M
AT5G45560,Depleted_G2M
AT5G45550,Depleted_G2M
AT5G45420,Depleted_G2M
AT5G44860,Depleted_G2M
AT5G43700,Depleted_G2M
AT5G43080,Depleted_G2M
AT5G43270,Depleted_G2M
AT5G42860,Depleted_G2M
AT5G43060,Depleted_G2M
AT5G42420,Depleted_G2M
AT5G42090,Depleted_G2M
AT5G42320,Depleted_G2M
AT5G41670,Depleted_G2M
AT5G41790,Depleted_G2M
AT5G41880,Depleted_G2M
AT5G40830,Depleted_G2M
AT5G40190,Depleted_G2M
AT5G39990,Depleted_G2M
AT5G39730,Depleted_G2M
AT5G39500,Depleted_G2M
AT5G39410,Depleted_G2M
AT5G39320,Depleted_G2M
AT5G38690,Depleted_G2M
AT5G36160,Depleted_G2M
AT5G24580,Depleted_G2M
AT5G24330,Depleted_G2M
AT5G23530,Depleted_G2M
AT5G23860,Depleted_G2M
AT5G23390,Depleted_G2M
AT5G23420,Depleted_G2M
AT5G22940,Depleted_G2M
AT5G22880,Depleted_G2M
AT5G19250,Depleted_G2M
AT5G19200,Depleted_G2M
AT5G18900,Depleted_G2M
AT5G18520,Depleted_G2M
AT5G18650,Depleted_G2M
AT5G18120,Depleted_G2M
AT5G18280,Depleted_G2M
AT5G16660,Depleted_G2M
AT5G17380,Depleted_G2M
AT5G17190,Depleted_G2M
AT5G17280,Depleted_G2M
AT5G16590,Depleted_G2M
AT5G15150,Depleted_G2M
AT5G15230,Depleted_G2M
AT5G15350,Depleted_G2M
AT5G16450,Depleted_G2M
AT5G14430,Depleted_G2M
AT5G14240,Depleted_G2M
AT5G14550,Depleted_G2M
AT5G13870,Depleted_G2M
AT5G14150,Depleted_G2M
AT5G13740,Depleted_G2M
AT5G13710,Depleted_G2M
AT5G12970,Depleted_G2M
AT5G13300,Depleted_G2M
AT5G13390,Depleted_G2M
AT5G11890,Depleted_G2M
AT5G12260,Depleted_G2M
AT5G12250,Depleted_G2M
AT5G11280,Depleted_G2M
AT5G10980,Depleted_G2M
AT5G11150,Depleted_G2M
AT5G11260,Depleted_G2M
AT5G10840,Depleted_G2M
AT5G10550,Depleted_G2M
AT5G10480,Depleted_G2M
AT5G10400,Depleted_G2M
AT5G10390,Depleted_G2M
AT5G10020,Depleted_G2M
AT5G10260,Depleted_G2M
AT5G09760,Depleted_G2M
AT5G09960,Depleted_G2M
AT5G09890,Depleted_G2M
AT5G09620,Depleted_G2M
AT5G08020,Depleted_G2M
AT5G07340,Depleted_G2M
AT5G06700,Depleted_G2M
AT5G07030,Depleted_G2M
AT5G07110,Depleted_G2M
AT5G06910,Depleted_G2M
AT5G06590,Depleted_G2M
AT5G06660,Depleted_G2M
AT5G05820,Depleted_G2M
AT5G05890,Depleted_G2M
AT5G05690,Depleted_G2M
AT5G05170,Depleted_G2M
AT5G04470,Depleted_G2M
AT5G04510,Depleted_G2M
AT5G04060,Depleted_G2M
AT5G03760,Depleted_G2M
AT5G03530,Depleted_G2M
AT5G03160,Depleted_G2M
AT5G02380,Depleted_G2M
AT5G02280,Depleted_G2M
AT5G02270,Depleted_G2M
AT5G02410,Depleted_G2M
AT5G01890,Depleted_G2M
AT5G01970,Depleted_G2M
AT5G01990,Depleted_G2M
AT5G01620,Depleted_G2M
AT5G01600,Depleted_G2M
AT3G63460,Depleted_G2M
AT3G62600,Depleted_G2M
AT3G62580,Depleted_G2M
AT3G62700,Depleted_G2M
AT3G62060,Depleted_G2M
AT3G62280,Depleted_G2M
AT3G62110,Depleted_G2M
AT3G62190,Depleted_G2M
AT3G61820,Depleted_G2M
AT3G61130,Depleted_G2M
AT3G61590,Depleted_G2M
AT3G60530,Depleted_G2M
AT3G60540,Depleted_G2M
AT3G59550,Depleted_G2M
AT3G59140,Depleted_G2M
AT3G59370,Depleted_G2M
AT3G58640,Depleted_G2M
AT3G58540,Depleted_G2M
AT3G58120,Depleted_G2M
AT3G58580,Depleted_G2M
AT3G57340,Depleted_G2M
AT3G57420,Depleted_G2M
AT3G57520,Depleted_G2M
AT3G57790,Depleted_G2M
AT3G57010,Depleted_G2M
AT3G56580,Depleted_G2M
AT3G55920,Depleted_G2M
AT3G55360,Depleted_G2M
AT3G54960,Depleted_G2M
AT3G54560,Depleted_G2M
AT3G54670,Depleted_G2M
AT3G54750,Depleted_G2M
AT3G54690,Depleted_G2M
AT3G54770,Depleted_G2M
AT3G54810,Depleted_G2M
AT3G54210,Depleted_G2M
AT3G54080,Depleted_G2M
AT3G54220,Depleted_G2M
AT3G53730,Depleted_G2M
AT3G53450,Depleted_G2M
AT3G53520,Depleted_G2M
AT3G53210,Depleted_G2M
AT3G52740,Depleted_G2M
AT3G52880,Depleted_G2M
AT3G51950,Depleted_G2M
AT3G52500,Depleted_G2M
AT3G51520,Depleted_G2M
AT3G51670,Depleted_G2M
AT3G51580,Depleted_G2M
AT3G51430,Depleted_G2M
AT3G51030,Depleted_G2M
AT3G50870,Depleted_G2M
AT3G51050,Depleted_G2M
AT3G50530,Depleted_G2M
AT3G50620,Depleted_G2M
AT3G49720,Depleted_G2M
AT3G50050,Depleted_G2M
AT3G49750,Depleted_G2M
AT3G49060,Depleted_G2M
AT3G47520,Depleted_G2M
AT3G46940,Depleted_G2M
AT3G46970,Depleted_G2M
AT3G46720,Depleted_G2M
AT3G46590,Depleted_G2M
AT3G46440,Depleted_G2M
AT3G45780,Depleted_G2M
AT3G46030,Depleted_G2M
AT3G45980,Depleted_G2M
AT3G45230,Depleted_G2M
AT3G44320,Depleted_G2M
AT3G43800,Depleted_G2M
AT4G40050,Depleted_G2M
AT4G40040,Depleted_G2M
AT4G39900,Depleted_G2M
AT4G39660,Depleted_G2M
AT4G39800,Depleted_G2M
AT4G39840,Depleted_G2M
AT4G39390,Depleted_G2M
AT4G39730,Depleted_G2M
AT4G39260,Depleted_G2M
AT4G39380,Depleted_G2M
AT4G39090,Depleted_G2M
AT4G38040,Depleted_G2M
AT4G38520,Depleted_G2M
AT4G38460,Depleted_G2M
AT4G38230,Depleted_G2M
AT4G37540,Depleted_G2M
AT4G37300,Depleted_G2M
AT4G37470,Depleted_G2M
AT4G37590,Depleted_G2M
AT4G37820,Depleted_G2M
AT4G36360,Depleted_G2M
AT4G35880,Depleted_G2M
AT4G35920,Depleted_G2M
AT4G35510,Depleted_G2M
AT4G35830,Depleted_G2M
AT4G35200,Depleted_G2M
AT4G35335,Depleted_G2M
AT4G35410,Depleted_G2M
AT4G34960,Depleted_G2M
AT4G34860,Depleted_G2M
AT4G34630,Depleted_G2M
AT4G34760,Depleted_G2M
AT4G34215,Depleted_G2M
AT4G34050,Depleted_G2M
AT4G33580,Depleted_G2M
AT4G33700,Depleted_G2M
AT4G32890,Depleted_G2M
AT4G32410,Depleted_G2M
AT4G32460,Depleted_G2M
AT4G32530,Depleted_G2M
AT4G32120,Depleted_G2M
AT4G31600,Depleted_G2M
AT4G31890,Depleted_G2M
AT4G31340,Depleted_G2M
AT4G31590,Depleted_G2M
AT4G30996,Depleted_G2M
AT4G30610,Depleted_G2M
AT4G30660,Depleted_G2M
AT4G30860,Depleted_G2M
AT4G30350,Depleted_G2M
AT4G30420,Depleted_G2M
AT4G30650,Depleted_G2M
AT4G30440,Depleted_G2M
AT4G30500,Depleted_G2M
AT4G29520,Depleted_G2M
AT4G29680,Depleted_G2M
AT4G28650,Depleted_G2M
AT4G28190,Depleted_G2M
AT4G28310,Depleted_G2M
AT4G27840,Depleted_G2M
AT4G28050,Depleted_G2M
AT4G28100,Depleted_G2M
AT4G27430,Depleted_G2M
AT4G27720,Depleted_G2M
AT4G27230,Depleted_G2M
AT4G26940,Depleted_G2M
AT4G26550,Depleted_G2M
AT4G26630,Depleted_G2M
AT4G26670,Depleted_G2M
AT4G26100,Depleted_G2M
AT4G25280,Depleted_G2M
AT4G25360,Depleted_G2M
AT4G25100,Depleted_G2M
AT4G25240,Depleted_G2M
AT4G25260,Depleted_G2M
AT4G24780,Depleted_G2M
AT4G24760,Depleted_G2M
AT4G24190,Depleted_G2M
AT4G23710,Depleted_G2M
AT4G23690,Depleted_G2M
AT4G23460,Depleted_G2M
AT4G22750,Depleted_G2M
AT4G22756,Depleted_G2M
AT4G22910,Depleted_G2M
AT4G23010,Depleted_G2M
AT4G22580,Depleted_G2M
AT4G22540,Depleted_G2M
AT4G22250,Depleted_G2M
AT4G22010,Depleted_G2M
AT4G21810,Depleted_G2M
AT4G20890,Depleted_G2M
AT4G20430,Depleted_G2M
AT4G20300,Depleted_G2M
AT4G20070,Depleted_G2M
AT4G19880,Depleted_G2M
AT4G19185,Depleted_G2M
AT4G19120,Depleted_G2M
AT4G19410,Depleted_G2M
AT4G17880,Depleted_G2M
AT4G18030,Depleted_G2M
AT4G17870,Depleted_G2M
AT4G18060,Depleted_G2M
AT4G12730,Depleted_G2M
AT4G12880,Depleted_G2M
AT4G13050,Depleted_G2M
AT4G12650,Depleted_G2M
AT4G12590,Depleted_G2M
AT4G12110,Depleted_G2M
AT4G11610,Depleted_G2M
AT4G10810,Depleted_G2M
AT4G08980,Depleted_G2M
AT4G09020,Depleted_G2M
AT4G08685,Depleted_G2M
AT4G05390,Depleted_G2M
AT4G05050,Depleted_G2M
AT4G05160,Depleted_G2M
AT4G04955,Depleted_G2M
AT4G04210,Depleted_G2M
AT4G03190,Depleted_G2M
AT4G03210,Depleted_G2M
AT4G02370,Depleted_G2M
AT4G02500,Depleted_G2M
AT4G02060,Depleted_G2M
AT4G01897,Depleted_G2M
AT4G01810,Depleted_G2M
AT4G01220,Depleted_G2M
AT4G01610,Depleted_G2M
AT4G00710,Depleted_G2M
AT4G00740,Depleted_G2M
AT4G00820,Depleted_G2M
AT4G00080,Depleted_G2M
AT1G31940,Depleted_G2M
AT1G18580,Depleted_G2M
AT1G19920,Depleted_G2M
AT2G33470,Depleted_G2M
AT2G33570,Depleted_G2M
AT2G40475,Depleted_G2M
AT2G40540,Depleted_G2M
AT5G34940,Depleted_G2M
AT2G40550,Depleted_G2M
AT2G40620,Depleted_G2M
AT1G17890,Depleted_G2M
AT1G22360,Depleted_G2M
AT1G22060,Depleted_G2M
AT1G29790,Depleted_G2M
AT1G07250,Depleted_G2M
AT1G19170,Depleted_G2M
AT1G07040,Depleted_G2M
AT1G07020,Depleted_G2M
AT1G18260,Depleted_G2M
AT1G20693,Depleted_G2M
AT1G20696,Depleted_G2M
AT1G18250,Depleted_G2M
AT1G13590,Depleted_G2M
AT1G56230,Depleted_G2M
AT1G56220,Depleted_G2M
AT3G12610,Depleted_G2M
AT3G12280,Depleted_G2M
AT3G12560,Depleted_G2M
AT3G12170,Depleted_G2M
AT3G02350,Depleted_G2M
AT3G02360,Depleted_G2M
AT1G54890,Depleted_G2M
AT1G75140,Depleted_G2M
AT1G33360,Depleted_G2M
AT1G66150,Depleted_G2M
AT3G19540,Depleted_G2M
AT3G14790,Depleted_G2M
AT3G30180,Depleted_G2M
AT3G20670,Depleted_G2M
AT3G52180,Depleted_G2M
AT2G34020,Depleted_G2M
AT2G34150,Depleted_G2M
AT3G29360,Depleted_G2M
AT3G29320,Depleted_G2M
AT3G22200,Depleted_G2M
AT3G13750,Depleted_G2M
AT3G22890,Depleted_G2M
AT3G23820,Depleted_G2M
AT3G24040,Depleted_G2M
AT3G22520,Depleted_G2M
AT3G21160,Depleted_G2M
AT3G13520,Depleted_G2M
AT3G18230,Depleted_G2M
AT3G28180,Depleted_G2M
AT3G19680,Depleted_G2M
AT3G20490,Depleted_G2M
AT3G20100,Depleted_G2M
AT3G28860,Depleted_G2M
AT3G24350,Depleted_G2M
AT3G23810,Depleted_G2M
AT3G23805,Depleted_G2M
AT3G24240,Depleted_G2M
AT3G28040,Depleted_G2M
AT1G10530,Depleted_G2M
AT1G55360,Depleted_G2M
AT2G33990,Depleted_G2M
AT3G06210,Depleted_G2M
AT3G20310,Depleted_G2M
AT3G12780,Depleted_G2M
AT3G27360,Depleted_G2M
AT3G18480,Depleted_G2M
AT3G29200,Depleted_G2M
AT3G27060,Depleted_G2M
AT3G25100,Depleted_G2M
AT3G25140,Depleted_G2M
AT3G26670,Depleted_G2M
AT3G28480,Depleted_G2M
AT3G13060,Depleted_G2M
AT3G13062,Depleted_G2M
AT3G17780,Depleted_G2M
AT3G17020,Depleted_G2M
AT3G17100,Depleted_G2M
AT3G16950,Depleted_G2M
AT3G25540,Depleted_G2M
AT3G23280,Depleted_G2M
AT3G19820,Depleted_G2M
AT3G19400,Depleted_G2M
AT3G19510,Depleted_G2M
AT3G19450,Depleted_G2M
AT3G21240,Depleted_G2M
AT3G16200,Depleted_G2M
AT3G26090,Depleted_G2M
AT3G25860,Depleted_G2M
AT3G26060,Depleted_G2M
AT3G14740,Depleted_G2M
AT3G14610,Depleted_G2M
AT3G24495,Depleted_G2M
AT3G18035,Depleted_G2M
AT3G18050,Depleted_G2M
AT3G17840,Depleted_G2M
AT3G17940,Depleted_G2M
AT3G17900,Depleted_G2M
AT3G27640,Depleted_G2M
AT3G27770,Depleted_G2M
AT3G15810,Depleted_G2M
AT3G15720,Depleted_G2M
AT3G15690,Depleted_G2M
AT3G23300,Depleted_G2M
AT3G22840,Depleted_G2M
AT3G16180,Depleted_G2M
AT3G22845,Depleted_G2M
AT3G14350,Depleted_G2M
AT3G14240,Depleted_G2M
AT3G14310,Depleted_G2M
AT3G14410,Depleted_G2M
AT3G17210,Depleted_G2M
AT3G17390,Depleted_G2M
AT3G16570,Depleted_G2M
AT3G22440,Depleted_G2M
AT3G06035,Depleted_G2M
AT3G02570,Depleted_G2M
AT3G02580,Depleted_G2M
AT3G02630,Depleted_G2M
AT3G02540,Depleted_G2M
AT3G06590,Depleted_G2M
AT3G06650,Depleted_G2M
AT3G06740,Depleted_G2M
AT3G06720,Depleted_G2M
AT3G06890,Depleted_G2M
AT3G04080,Depleted_G2M
AT3G04090,Depleted_G2M
AT3G02910,Depleted_G2M
AT3G02770,Depleted_G2M
AT3G02820,Depleted_G2M
AT3G07990,Depleted_G2M
AT3G07950,Depleted_G2M
AT3G08030,Depleted_G2M
AT3G02930,Depleted_G2M
AT3G08670,Depleted_G2M
AT3G08550,Depleted_G2M
AT3G08730,Depleted_G2M
AT3G08590,Depleted_G2M
AT3G11800,Depleted_G2M
AT3G05880,Depleted_G2M
AT3G05910,Depleted_G2M
AT3G10760,Depleted_G2M
AT3G03210,Depleted_G2M
AT3G09970,Depleted_G2M
AT3G06410,Depleted_G2M
AT3G06450,Depleted_G2M
AT3G10630,Depleted_G2M
AT3G01380,Depleted_G2M
AT3G01390,Depleted_G2M
AT3G10410,Depleted_G2M
AT3G08890,Depleted_G2M
AT3G01930,Depleted_G2M
AT3G09410,Depleted_G2M
AT3G05020,Depleted_G2M
AT3G01360,Depleted_G2M
AT3G02180,Depleted_G2M
AT3G03690,Depleted_G2M
AT3G09085,Depleted_G2M
AT3G03550,Depleted_G2M
AT3G07800,Depleted_G2M
AT3G01040,Depleted_G2M
AT3G05280,Depleted_G2M
AT3G03810,Depleted_G2M
AT3G05150,Depleted_G2M
AT1G13280,Depleted_G2M
AT1G13900,Depleted_G2M
AT1G19130,Depleted_G2M
AT1G15690,Depleted_G2M
AT1G12500,Depleted_G2M
AT1G20560,Depleted_G2M
AT1G27930,Depleted_G2M
AT1G28130,Depleted_G2M
AT1G27980,Depleted_G2M
AT1G28110,Depleted_G2M
AT1G47970,Depleted_G2M
AT1G52360,Depleted_G2M
AT1G69030,Depleted_G2M
AT1G55265,Depleted_G2M
AT1G52340,Depleted_G2M
AT1G77690,Depleted_G2M
AT1G77540,Depleted_G2M
AT1G77420,Depleted_G2M
AT1G77610,Depleted_G2M
AT1G60950,Depleted_G2M
AT1G71070,Depleted_G2M
AT1G77510,Depleted_G2M
AT1G29390,Depleted_G2M
AT1G29470,Depleted_G2M
AT1G72160,Depleted_G2M
AT1G73590,Depleted_G2M
AT1G72630,Depleted_G2M
AT1G76670,Depleted_G2M
AT1G76400,Depleted_G2M
AT1G76550,Depleted_G2M
AT1G76490,Depleted_G2M
AT1G29980,Depleted_G2M
AT1G52910,Depleted_G2M
AT1G52760,Depleted_G2M
AT1G70710,Depleted_G2M
AT1G67630,Depleted_G2M
AT1G74380,Depleted_G2M
AT1G74660,Depleted_G2M
AT1G68490,Depleted_G2M
AT1G80500,Depleted_G2M
AT1G70490,Depleted_G2M
AT1G70580,Depleted_G2M
AT1G69420,Depleted_G2M
AT1G70560,Depleted_G2M
AT1G69910,Depleted_G2M
AT1G69830,Depleted_G2M
AT1G68150,Depleted_G2M
AT1G72480,Depleted_G2M
AT1G11090,Depleted_G2M
AT2G41810,Depleted_G2M
AT2G41770,Depleted_G2M
AT1G47250,Depleted_G2M
AT1G47210,Depleted_G2M
AT1G51540,Depleted_G2M
AT1G51590,Depleted_G2M
AT2G47320,Depleted_G2M
AT2G43480,Depleted_G2M
AT2G41780,Depleted_G2M
AT2G43760,Depleted_G2M
AT1G53210,Depleted_G2M
AT1G53400,Depleted_G2M
AT1G55850,Depleted_G2M
AT1G55840,Depleted_G2M
AT1G62330,Depleted_G2M
AT1G53290,Depleted_G2M
AT1G19370,Depleted_G2M
AT1G19430,Depleted_G2M
AT1G19450,Depleted_G2M
AT1G06180,Depleted_G2M
AT1G78240,Depleted_G2M
AT1G06930,Depleted_G2M
AT1G06890,Depleted_G2M
AT1G06850,Depleted_G2M
AT1G06760,Depleted_G2M
AT1G29060,Depleted_G2M
AT1G21900,Depleted_G2M
AT1G29270,Depleted_G2M
AT1G29310,Depleted_G2M
AT1G21370,Depleted_G2M
AT1G45130,Depleted_G2M
AT1G12240,Depleted_G2M
AT1G53500,Depleted_G2M
AT1G26580,Depleted_G2M
AT1G17430,Depleted_G2M
AT1G17455,Depleted_G2M
AT1G01430,Depleted_G2M
AT1G01230,Depleted_G2M
AT1G07410,Depleted_G2M
AT1G07290,Depleted_G2M
AT1G07420,Depleted_G2M
AT1G07370,Depleted_G2M
AT1G04990,Depleted_G2M
AT1G19710,Depleted_G2M
AT1G04910,Depleted_G2M
AT1G34550,Depleted_G2M
AT1G12850,Depleted_G2M
AT1G12780,Depleted_G2M
AT1G20010,Depleted_G2M
AT1G05805,Depleted_G2M
AT1G26770,Depleted_G2M
AT1G05850,Depleted_G2M
AT1G35720,Depleted_G2M
AT1G48510,Depleted_G2M
AT1G48440,Depleted_G2M
AT1G44900,Depleted_G2M
AT1G41830,Depleted_G2M
AT1G18720,Depleted_G2M
AT1G07790,Depleted_G2M
AT1G18840,Depleted_G2M
AT1G21090,Depleted_G2M
AT1G21070,Depleted_G2M
AT1G28340,Depleted_G2M
AT1G71750,Depleted_G2M
AT1G63420,Depleted_G2M
AT1G01090,Depleted_G2M
AT1G33240,Depleted_G2M
AT1G49660,Depleted_G2M
AT1G76090,Depleted_G2M
AT1G76160,Depleted_G2M
AT1G47840,Depleted_G2M
AT1G76340,Depleted_G2M
AT1G15950,Depleted_G2M
AT1G30510,Depleted_G2M
AT1G11545,Depleted_G2M
AT1G11580,Depleted_G2M
AT1G11540,Depleted_G2M
AT1G50440,Depleted_G2M
AT1G50420,Depleted_G2M
AT1G80950,Depleted_G2M
AT1G64650,Depleted_G2M
AT1G64640,Depleted_G2M
AT1G37130,Depleted_G2M
AT1G35620,Depleted_G2M
AT1G80190,Depleted_G2M
AT1G79990,Depleted_G2M
AT1G59520,Depleted_G2M
AT1G56080,Depleted_G2M
AT1G02970,Depleted_G2M
AT1G52420,Depleted_G2M
AT1G52670,Depleted_G2M
AT1G52720,Depleted_G2M
AT1G74910,Depleted_G2M
AT1G78040,Depleted_G2M
AT2G01070,Depleted_G2M
AT1G68650,Depleted_G2M
AT1G27630,Depleted_G2M
AT1G72810,Depleted_G2M
AT1G50360,Depleted_G2M
AT1G21840,Depleted_G2M
AT1G21750,Depleted_G2M
AT1G17110,Depleted_G2M
AT1G13930,Depleted_G2M
AT1G06470,Depleted_G2M
AT1G62820,Depleted_G2M
AT1G62770,Depleted_G2M
AT1G14210,Depleted_G2M
AT1G62810,Depleted_G2M
AT1G76060,Depleted_G2M
AT1G62790,Depleted_G2M
AT1G28680,Depleted_G2M
AT1G13000,Depleted_G2M
AT1G20840,Depleted_G2M
AT1G14900,Depleted_G2M
AT1G14670,Depleted_G2M
AT1G14685,Depleted_G2M
AT1G14920,Depleted_G2M
AT1G64910,Depleted_G2M
AT1G64920,Depleted_G2M
AT1G64980,Depleted_G2M
AT1G65010,Depleted_G2M
AT1G54410,Depleted_G2M
AT1G54320,Depleted_G2M
AT1G75540,Depleted_G2M
AT1G75780,Depleted_G2M
AT1G23340,Depleted_G2M
AT1G03040,Depleted_G2M
AT1G78570,Depleted_G2M
AT1G54115,Depleted_G2M
AT1G05520,Depleted_G2M
AT1G36160,Depleted_G2M
AT1G36060,Depleted_G2M
AT1G30570,Depleted_G2M
AT2G16580,Depleted_G2M
AT2G31360,Depleted_G2M
AT2G31370,Depleted_G2M
AT2G38810,Depleted_G2M
AT2G20515,Depleted_G2M
AT2G40150,Depleted_G2M
AT2G31650,Depleted_G2M
AT2G31670,Depleted_G2M
AT2G31750,Depleted_G2M
AT2G04025,Depleted_G2M
AT2G29900,Depleted_G2M
AT2G29890,Depleted_G2M
AT2G21620,Depleted_G2M
AT2G01850,Depleted_G2M
AT2G16440,Depleted_G2M
AT2G25250,Depleted_G2M
AT2G04700,Depleted_G2M
AT1G04260,Depleted_G2M
AT1G04290,Depleted_G2M
AT1G04430,Depleted_G2M
AT1G04400,Depleted_G2M
AT1G04520,Depleted_G2M
AT1G26840,Depleted_G2M
AT1G26850,Depleted_G2M
AT1G09330,Depleted_G2M
AT1G59970,Depleted_G2M
AT2G40280,Depleted_G2M
AT2G46420,Depleted_G2M
AT2G40300,Depleted_G2M
AT2G36880,Depleted_G2M
AT2G21970,Depleted_G2M
AT2G21790,Depleted_G2M
AT2G36290,Depleted_G2M
AT2G36400,Depleted_G2M
AT2G36410,Depleted_G2M
AT2G36300,Depleted_G2M
AT2G22425,Depleted_G2M
AT2G21050,Depleted_G2M
AT2G21060,Depleted_G2M
AT2G28520,Depleted_G2M
AT2G31270,Depleted_G2M
AT1G65295,Depleted_G2M
AT1G54690,Depleted_G2M
AT1G22790,Depleted_G2M
AT1G22750,Depleted_G2M
AT1G22640,Depleted_G2M
AT1G22770,Depleted_G2M
AT1G09200,Depleted_G2M
AT1G09250,Depleted_G2M
AT1G60390,Depleted_G2M
AT1G62045,Depleted_G2M
AT1G70280,Depleted_G2M
AT1G12080,Depleted_G2M
AT1G03310,Depleted_G2M
AT1G12090,Depleted_G2M
AT2G25110,Depleted_G2M
AT1G10410,Depleted_G2M
AT1G77130,Depleted_G2M
AT1G09570,Depleted_G2M
AT1G10120,Depleted_G2M
AT1G10130,Depleted_G2M
AT1G55810,Depleted_G2M
AT1G05260,Depleted_G2M
AT1G04610,Depleted_G2M
AT1G04680,Depleted_G2M
AT1G08880,Depleted_G2M
AT1G08660,Depleted_G2M
AT1G24280,Depleted_G2M
AT1G24100,Depleted_G2M
AT1G61170,Depleted_G2M
AT1G23190,Depleted_G2M
AT1G61100,Depleted_G2M
AT1G60710,Depleted_G2M
AT1G76950,Depleted_G2M
AT1G67360,Depleted_G2M
AT1G67320,Depleted_G2M
AT1G27190,Depleted_G2M
AT1G27030,Depleted_G2M
AT1G03870,Depleted_G2M
AT1G03840,Depleted_G2M
AT1G04020,Depleted_G2M
AT1G62480,Depleted_G2M
AT1G62500,Depleted_G2M
AT1G62660,Depleted_G2M
AT1G62640,Depleted_G2M
AT2G36670,Depleted_G2M
AT2G01970,Depleted_G2M
AT2G28360,Depleted_G2M
AT2G28350,Depleted_G2M
AT2G28370,Depleted_G2M
AT2G22660,Depleted_G2M
AT2G05810,Depleted_G2M
AT2G20810,Depleted_G2M
AT2G20840,Depleted_G2M
AT2G20780,Depleted_G2M
AT2G20980,Depleted_G2M
AT2G46490,Depleted_G2M
AT2G37050,Depleted_G2M
AT2G15620,Depleted_G2M
AT2G15570,Depleted_G2M
AT2G28260,Depleted_G2M
AT2G28310,Depleted_G2M
AT2G25430,Depleted_G2M
AT2G13820,Depleted_G2M
AT2G32240,Depleted_G2M
AT2G31960,Depleted_G2M
AT2G48020,Depleted_G2M
AT2G01170,Depleted_G2M
AT2G35780,Depleted_G2M
AT2G18030,Depleted_G2M
AT2G35750,Depleted_G2M
AT2G25610,Depleted_G2M
AT2G19580,Depleted_G2M
AT2G37300,Depleted_G2M
AT2G37470,Depleted_G2M
AT2G24280,Depleted_G2M
AT2G37975,Depleted_G2M
AT2G37940,Depleted_G2M
AT2G02130,Depleted_G2M
AT2G02070,Depleted_G2M
AT2G45180,Depleted_G2M
AT2G45050,Depleted_G2M
AT2G02400,Depleted_G2M
AT2G06850,Depleted_G2M
AT2G28760,Depleted_G2M
AT2G28790,Depleted_G2M
AT2G28900,Depleted_G2M
AT2G28740,Depleted_G2M
AT2G28840,Depleted_G2M
AT2G29570,Depleted_G2M
AT2G01420,Depleted_G2M
AT2G27130,Depleted_G2M
AT2G01570,Depleted_G2M
AT2G01410,Depleted_G2M
AT2G32430,Depleted_G2M
AT2G43130,Depleted_G2M
AT2G38650,Depleted_G2M
AT2G31180,Depleted_G2M
AT2G14890,Depleted_G2M
AT2G29680,Depleted_G2M
AT2G29700,Depleted_G2M
AT2G25760,Depleted_G2M
AT2G19790,Depleted_G2M
AT2G19880,Depleted_G2M
AT2G03220,Depleted_G2M
AT2G46930,Depleted_G2M
AT2G02870,Depleted_G2M
AT2G03090,Depleted_G2M
AT2G29960,Depleted_G2M
AT2G26900,Depleted_G2M
AT2G29980,Depleted_G2M
AT2G26080,Depleted_G2M
AT2G34560,Depleted_G2M
AT2G34585,Depleted_G2M
AT2G46000,Depleted_G2M
AT2G45790,Depleted_G2M
AT2G07690,Depleted_G2M
AT2G39130,Depleted_G2M
AT2G38310,Depleted_G2M
AT2G34300,Depleted_G2M
AT2G38360,Depleted_G2M
AT2G32580,Depleted_G2M
AT2G41070,Depleted_G2M
AT2G38120,Depleted_G2M
AT2G38170,Depleted_G2M
AT2G31040,Depleted_G2M
AT2G30860,Depleted_G2M
AT2G37630,Depleted_G2M
AT2G37680,Depleted_G2M
AT2G37560,Depleted_G2M
AT2G37550,Depleted_G2M
AT2G37760,Depleted_G2M
AT2G02680,Depleted_G2M
AT2G30060,Depleted_G2M
AT2G19340,Depleted_G2M
AT2G40060,Depleted_G2M
AT2G44360,Depleted_G2M
AT2G35060,Depleted_G2M
AT2G33790,Depleted_G2M
AT2G30490,Depleted_G2M
AT2G02810,Depleted_G2M
AT2G02760,Depleted_G2M
AT2G30620,Depleted_G2M
AT2G30520,Depleted_G2M
AT2G41890,Depleted_G2M
AT2G32720,Depleted_G2M
AT2G32765,Depleted_G2M
AT2G26640,Depleted_G2M
AT2G26680,Depleted_G2M
AT2G42190,Depleted_G2M